10__1700359638.802953_image.png,"[0, 0, 48, 61, 791, 84, 32, 280, 843, 261, 192, 0, 136, 1160, 0, 0, 54, 9, 629, 172, 55, 377, 558, 461, 277, 0, 236, 1060, 1, 0, 24, 30, 978, 72, 24, 167, 912, 243, 141, 0, 144, 1152, 56, 0, 53, 8, 749, 0, 29, 401, 826, 271, 199, 0, 122, 1174, 108, 1, 75, 2, 238, 27, 59, 786, 386, 524, 386, 0, 251, 1045, 48, 0, 24, 8, 808, 0, 47, 361, 912, 194, 190, 0, 120, 1176, 0, 0, 0, 7, 1342, 1, 0, 0, 1349, 1, 0, 0, 13, 1337, 56, 31, 18, 46, 1063, 22, 25, 89, 1145, 99, 106, 0, 49, 1301, 73, 95, 48, 6, 1056, 24, 0, 48, 1062, 121, 167, 0, 148, 1202]"
11__1700359639.1792183_image.png,"[4, 3, 4, 45, 342, 733, 163, 132, 623, 792, 11, 110, 763, 553, 17, 1, 6, 7, 289, 110, 4, 992, 276, 1136, 14, 1, 801, 624, 74, 17, 19, 23, 826, 307, 4, 156, 1090, 334, 2, 0, 374, 1052, 104, 10, 275, 104, 50, 108, 170, 605, 802, 611, 13, 24, 791, 611, 85, 7, 21, 11, 9, 2, 19, 1272, 502, 775, 149, 29, 526, 871, 63, 118, 319, 67, 79, 0, 42, 738, 139, 1287, 0, 0, 1227, 199, 2, 1, 167, 76, 242, 20, 353, 627, 197, 865, 426, 8, 436, 1044, 52, 20, 100, 60, 432, 79, 164, 581, 600, 637, 251, 5, 334, 1149, 131, 10, 32, 13, 68, 23, 90, 1121, 227, 1247, 14, 430, 1005, 53]"
12__1700359639.568695_image.png,"[2, 0, 90, 860, 4, 164, 146, 138, 1136, 223, 45, 123, 551, 730, 15, 2, 76, 761, 15, 181, 166, 188, 1147, 225, 32, 93, 620, 691, 17, 7, 82, 704, 36, 239, 239, 80, 1170, 187, 47, 93, 617, 694, 6, 2, 18, 161, 527, 553, 135, 2, 1369, 22, 13, 23, 702, 679, 8, 5, 17, 40, 569, 681, 84, 0, 1326, 66, 12, 94, 431, 879, 16, 16, 10, 96, 618, 550, 81, 17, 1255, 119, 30, 265, 469, 670, 48, 57, 78, 94, 1104, 124, 0, 7, 1148, 318, 46, 900, 612, 0, 8, 12, 3, 55, 1287, 143, 4, 0, 1019, 442, 51, 1101, 409, 2, 155, 110, 61, 42, 1060, 54, 3, 27, 954, 486, 72, 877, 627, 8]"
13__1700359639.9279783_image.png,"[0, 0, 0, 0, 106, 1838, 0, 0, 83, 1841, 20, 1830, 85, 29, 0, 0, 0, 2, 1189, 743, 10, 0, 761, 1145, 38, 838, 836, 270, 0, 0, 0, 0, 100, 1844, 0, 0, 42, 1898, 4, 1891, 35, 18, 46, 37, 36, 50, 897, 872, 5, 1, 672, 1250, 22, 1198, 478, 268, 46, 271, 127, 59, 1258, 180, 3, 0, 1215, 681, 48, 328, 1116, 500, 234, 38, 33, 49, 931, 446, 8, 205, 486, 1435, 23, 1278, 413, 253, 0, 2, 9, 14, 871, 1090, 12, 0, 169, 1063, 766, 462, 1274, 262, 19, 188, 107, 63, 1355, 260, 6, 0, 540, 952, 506, 237, 1576, 185, 6, 5, 2, 8, 1252, 722, 1, 2, 213, 1413, 372, 916, 1028, 54]"
14__1700359640.2675116_image.png,"[61, 18, 17, 12, 1087, 123, 4, 58, 1120, 254, 6, 93, 100, 1187, 177, 29, 9, 24, 231, 12, 0, 898, 458, 914, 8, 201, 516, 663, 170, 34, 24, 17, 933, 10, 0, 238, 721, 689, 16, 203, 312, 911, 46, 17, 16, 11, 1135, 109, 3, 43, 1091, 282, 7, 70, 136, 1174, 86, 0, 0, 1, 0, 0, 0, 1293, 111, 1268, 1, 3, 69, 1308, 65, 18, 11, 11, 1144, 17, 0, 160, 340, 1073, 13, 42, 108, 1276, 0, 0, 0, 0, 1440, 0, 0, 0, 1, 1439, 0, 102, 1338, 0, 53, 15, 9, 31, 1094, 1, 0, 237, 206, 1221, 13, 898, 328, 214, 7, 5, 1, 0, 1451, 0, 0, 24, 44, 1432, 12, 886, 584, 18]"
15__1700359640.6279063_image.png,"[0, 0, 0, 0, 0, 2116, 0, 0, 0, 2116, 0, 0, 1159, 957, 0, 0, 0, 0, 11, 2105, 0, 0, 16, 2094, 6, 6, 647, 1463, 0, 0, 0, 0, 0, 2208, 0, 0, 0, 2208, 0, 0, 1297, 911, 3, 12, 51, 124, 291, 1575, 52, 8, 592, 1340, 184, 522, 462, 1132, 35, 4, 74, 321, 762, 826, 76, 18, 692, 1095, 329, 866, 663, 587, 0, 0, 10, 36, 16, 2135, 11, 0, 564, 1577, 67, 105, 461, 1642, 3, 2, 68, 186, 96, 1800, 50, 3, 815, 1249, 144, 319, 309, 1580, 0, 0, 17, 60, 333, 1694, 104, 0, 662, 1283, 263, 788, 308, 1112, 0, 0, 0, 0, 68, 2233, 3, 0, 563, 1571, 170, 482, 254, 1568]"
16__1700359641.0266829_image.png,"[34, 9, 10, 9, 914, 48, 1, 677, 519, 689, 494, 0, 541, 1161, 62, 10, 8, 9, 336, 0, 0, 1277, 337, 1159, 206, 0, 506, 1196, 82, 18, 16, 38, 1372, 54, 7, 161, 393, 447, 908, 0, 939, 809, 66, 11, 11, 6, 691, 0, 0, 917, 170, 960, 572, 0, 1002, 700, 75, 0, 0, 0, 0, 0, 0, 1627, 17, 1680, 5, 1, 132, 1569, 84, 11, 17, 7, 1442, 0, 0, 187, 52, 409, 1287, 0, 1339, 409, 82, 34, 46, 35, 1314, 141, 10, 114, 288, 476, 1012, 0, 1409, 367, 139, 148, 257, 75, 140, 86, 113, 818, 851, 920, 5, 4, 473, 1299, 70, 64, 88, 85, 965, 336, 42, 174, 640, 593, 591, 0, 1003, 821]"
17__1700359641.4835818_image.png,"[147, 0, 1241, 56, 0, 445, 35, 192, 23, 407, 1686, 0, 138, 1978, 277, 4, 637, 89, 3, 593, 93, 420, 36, 520, 1560, 0, 415, 1701, 80, 0, 1346, 107, 2, 394, 46, 233, 11, 309, 1888, 1, 454, 1753, 0, 1, 1254, 310, 4, 436, 77, 34, 290, 568, 1258, 4, 496, 1616, 352, 14, 352, 272, 51, 744, 82, 249, 364, 720, 1032, 3, 714, 1399, 1, 0, 1455, 346, 17, 240, 84, 65, 196, 486, 1526, 119, 863, 1226, 0, 0, 1354, 54, 0, 0, 139, 661, 1, 280, 1927, 15, 253, 1940, 157, 0, 897, 173, 5, 9, 165, 802, 16, 489, 1703, 19, 706, 1483, 2, 0, 1384, 72, 0, 0, 90, 756, 5, 183, 2116, 56, 451, 1797]"
18__1700359641.9161897_image.png,"[90, 10, 15, 77, 57, 1070, 27, 80, 1180, 197, 49, 195, 297, 934, 179, 60, 57, 42, 305, 0, 33, 750, 532, 852, 42, 594, 683, 149, 82, 9, 163, 53, 105, 132, 85, 797, 567, 810, 49, 266, 904, 256, 67, 13, 344, 59, 273, 171, 71, 428, 652, 761, 13, 64, 1028, 334, 44, 3, 21, 20, 56, 78, 13, 1191, 261, 1163, 2, 7, 852, 567, 60, 8, 52, 180, 250, 410, 57, 409, 641, 777, 8, 65, 900, 461, 37, 5, 7, 4, 979, 264, 0, 192, 866, 622, 0, 0, 703, 785, 44, 14, 32, 77, 961, 206, 39, 115, 935, 422, 131, 379, 427, 682, 0, 0, 185, 593, 406, 281, 23, 0, 498, 725, 265, 778, 603, 107]"
19__1700359642.363438_image.png,"[187, 120, 217, 342, 472, 0, 8, 218, 1197, 288, 79, 237, 190, 1137, 195, 118, 166, 195, 47, 0, 3, 840, 320, 1086, 158, 626, 638, 300, 122, 115, 718, 205, 470, 0, 0, 26, 1351, 260, 45, 131, 181, 1344, 225, 96, 135, 116, 416, 0, 1, 575, 845, 596, 123, 211, 513, 840, 57, 176, 36, 99, 247, 0, 0, 949, 373, 1085, 106, 428, 653, 483, 162, 86, 193, 555, 627, 1, 1, 31, 1196, 441, 19, 326, 229, 1101, 69, 60, 76, 12, 924, 0, 0, 491, 776, 785, 71, 1105, 326, 201, 231, 96, 42, 113, 1150, 0, 0, 0, 798, 781, 53, 1307, 64, 261, 75, 112, 80, 13, 1405, 31, 12, 0, 754, 917, 57, 1624, 69, 35]"
1__1700359634.9343529_image.png,"[22, 8, 282, 141, 288, 150, 94, 419, 1131, 271, 2, 13, 830, 561, 62, 18, 282, 151, 338, 180, 85, 288, 1184, 214, 6, 36, 1125, 243, 8, 6, 541, 142, 244, 187, 57, 219, 1288, 116, 0, 3, 1037, 364, 13, 16, 228, 223, 506, 195, 84, 139, 1324, 77, 3, 125, 1063, 216, 52, 24, 68, 48, 513, 209, 42, 448, 1060, 335, 9, 192, 1075, 137, 34, 30, 311, 159, 182, 120, 115, 453, 1218, 184, 2, 54, 997, 353, 34, 44, 436, 188, 513, 113, 29, 47, 1388, 15, 1, 163, 964, 277, 61, 22, 301, 171, 588, 70, 83, 108, 1368, 30, 6, 465, 854, 85, 81, 58, 376, 253, 355, 87, 45, 149, 1375, 22, 7, 203, 857, 344]"
20__1700359642.7943897_image.png,"[39, 7, 10, 26, 20, 995, 44, 239, 1208, 171, 1, 0, 230, 1150, 14, 2, 5, 7, 8, 72, 25, 1247, 210, 1167, 3, 0, 594, 786, 9, 1, 21, 40, 13, 329, 428, 585, 1051, 374, 1, 0, 200, 1226, 45, 11, 4, 17, 638, 455, 161, 49, 789, 580, 11, 161, 370, 849, 193, 14, 12, 9, 244, 1, 0, 907, 477, 894, 9, 191, 197, 992, 32, 3, 10, 45, 374, 733, 59, 170, 1057, 368, 1, 12, 340, 1074, 0, 0, 0, 0, 1440, 0, 0, 0, 0, 1433, 7, 249, 1191, 0, 9, 5, 4, 1, 1380, 0, 0, 41, 162, 1252, 26, 160, 1185, 95, 122, 41, 19, 11, 1160, 18, 0, 117, 382, 1097, 9, 68, 1184, 236]"
2__1700359635.3783226_image.png,"[129, 63, 273, 90, 845, 92, 38, 90, 1034, 538, 48, 342, 1147, 131, 84, 22, 76, 219, 794, 284, 91, 50, 730, 844, 46, 501, 940, 179, 81, 34, 33, 40, 1059, 322, 23, 28, 628, 928, 64, 571, 840, 209, 0, 0, 5, 4, 1610, 1, 0, 0, 393, 1183, 44, 652, 803, 165, 0, 0, 0, 0, 1618, 2, 0, 0, 363, 1191, 66, 456, 977, 187, 0, 0, 0, 1, 1615, 4, 0, 0, 414, 1107, 99, 803, 565, 252, 0, 0, 0, 0, 1674, 0, 0, 0, 924, 658, 92, 388, 914, 372, 21, 12, 7, 6, 1628, 0, 0, 0, 1043, 526, 105, 295, 880, 499, 338, 69, 15, 4, 1166, 81, 0, 1, 819, 780, 75, 290, 508, 876]"
3__1700359635.7912629_image.png,"[83, 47, 13, 10, 1279, 23, 1, 164, 84, 180, 1356, 1557, 56, 7, 63, 7, 43, 31, 1218, 44, 13, 201, 133, 130, 1357, 1529, 79, 12, 53, 13, 59, 258, 1079, 30, 11, 117, 65, 148, 1407, 1570, 45, 5, 100, 13, 180, 55, 59, 39, 202, 972, 545, 842, 233, 302, 728, 590, 67, 4, 162, 71, 16, 1, 102, 1197, 730, 755, 135, 180, 848, 592, 28, 7, 91, 149, 101, 297, 196, 751, 462, 868, 290, 237, 657, 726, 0, 0, 638, 148, 3, 5, 588, 292, 1353, 309, 12, 95, 936, 643, 0, 0, 456, 2, 0, 0, 604, 612, 1496, 168, 10, 31, 791, 852, 68, 5, 549, 305, 21, 7, 558, 161, 1339, 317, 18, 80, 875, 719]"
4__1700359636.217456_image.png,"[180, 83, 120, 83, 1546, 18, 1, 21, 405, 1310, 337, 777, 874, 401, 122, 55, 158, 142, 1263, 28, 6, 278, 605, 1220, 227, 1062, 642, 348, 96, 58, 210, 175, 1347, 30, 11, 125, 539, 1213, 300, 951, 862, 239, 105, 66, 103, 83, 1625, 14, 2, 54, 534, 1233, 285, 356, 1164, 532, 360, 116, 82, 64, 1163, 36, 2, 229, 745, 1029, 278, 103, 1365, 584, 103, 43, 97, 226, 1211, 41, 28, 303, 568, 1244, 240, 241, 1278, 533, 35, 11, 146, 66, 1756, 37, 20, 89, 725, 1175, 260, 899, 968, 293, 327, 74, 460, 96, 788, 52, 53, 310, 758, 1108, 294, 635, 1194, 331, 137, 77, 255, 120, 1166, 40, 58, 307, 557, 1316, 287, 582, 1105, 473]"
5__1700359636.6227195_image.png,"[3, 1, 88, 10, 6, 5, 389, 1614, 855, 1239, 22, 26, 824, 1266, 17, 1, 3, 0, 0, 0, 21, 2074, 344, 1612, 160, 44, 1313, 759, 4, 0, 16, 0, 0, 0, 26, 2162, 28, 1965, 215, 254, 1859, 95, 51, 29, 199, 124, 128, 73, 118, 1394, 783, 1248, 85, 302, 1186, 628, 19, 6, 211, 227, 163, 378, 130, 982, 752, 1261, 103, 866, 882, 368, 49, 13, 78, 119, 410, 298, 97, 1144, 352, 1667, 189, 683, 1163, 362, 63, 32, 302, 385, 212, 335, 203, 676, 892, 1268, 48, 992, 857, 359, 34, 0, 326, 211, 15, 173, 215, 1234, 878, 1253, 77, 365, 1309, 534, 50, 15, 128, 176, 163, 299, 99, 1374, 494, 1539, 271, 385, 1245, 674]"
6__1700359636.9786625_image.png,"[75, 38, 125, 58, 224, 18, 37, 451, 864, 149, 13, 18, 420, 588, 37, 22, 43, 22, 221, 46, 28, 607, 804, 222, 0, 15, 295, 716, 56, 33, 130, 85, 308, 74, 33, 307, 854, 168, 4, 21, 252, 753, 96, 45, 56, 34, 102, 8, 39, 646, 925, 95, 6, 19, 252, 755, 121, 39, 49, 25, 275, 70, 19, 428, 735, 239, 52, 383, 349, 294, 234, 214, 52, 49, 221, 12, 11, 233, 902, 110, 14, 224, 367, 435, 50, 11, 2, 0, 84, 9, 21, 903, 1023, 45, 12, 40, 214, 826, 109, 25, 74, 24, 440, 17, 6, 385, 791, 172, 117, 542, 259, 279, 246, 323, 87, 31, 138, 7, 16, 232, 865, 182, 33, 382, 357, 341]"
7__1700359637.3989077_image.png,"[49, 9, 12, 6, 1005, 4, 2, 431, 749, 769, 0, 0, 376, 1142, 0, 0, 0, 0, 0, 0, 0, 1518, 545, 970, 3, 9, 519, 990, 65, 17, 13, 9, 806, 6, 0, 602, 1167, 351, 0, 0, 385, 1133, 51, 15, 7, 4, 1339, 0, 0, 102, 404, 1087, 27, 118, 98, 1302, 79, 2, 11, 10, 38, 15, 23, 1340, 290, 1228, 0, 0, 163, 1355, 28, 22, 4, 8, 1314, 8, 0, 134, 1329, 179, 10, 13, 90, 1415, 0, 0, 0, 0, 1582, 2, 0, 0, 8, 1573, 3, 760, 820, 4, 10, 74, 11, 215, 897, 243, 119, 15, 1254, 325, 5, 39, 358, 1187, 0, 0, 0, 0, 1557, 24, 3, 0, 233, 1334, 17, 372, 1017, 195]"
8__1700359637.86087_image.png,"[69, 20, 12, 17, 1826, 91, 10, 169, 2021, 159, 34, 63, 1651, 500, 115, 28, 16, 17, 1710, 196, 2, 130, 1851, 165, 198, 188, 1138, 888, 40, 4, 3, 7, 1939, 137, 0, 84, 1915, 192, 107, 134, 1916, 164, 68, 30, 34, 50, 1644, 173, 6, 209, 1007, 590, 617, 293, 1374, 547, 64, 17, 33, 19, 1539, 438, 3, 101, 438, 913, 863, 467, 1333, 414, 108, 14, 17, 27, 1583, 178, 13, 274, 1250, 640, 324, 133, 1202, 879, 47, 9, 14, 35, 2074, 79, 6, 58, 1545, 384, 393, 282, 895, 1145, 64, 8, 11, 29, 2011, 189, 6, 4, 2031, 222, 69, 49, 593, 1680, 57, 26, 13, 24, 1954, 166, 9, 73, 1594, 477, 251, 133, 1045, 1144]"
9__1700359638.3938406_image.png,"[21, 87, 296, 144, 1012, 45, 6, 9, 402, 885, 333, 745, 333, 542, 40, 14, 21, 29, 1449, 38, 5, 24, 193, 1257, 170, 974, 508, 138, 21, 17, 18, 10, 1499, 42, 0, 13, 19, 1085, 516, 746, 874, 0, 159, 71, 40, 35, 922, 12, 3, 378, 752, 689, 179, 685, 791, 144, 156, 211, 96, 187, 649, 29, 17, 275, 765, 835, 20, 839, 737, 44, 99, 329, 82, 35, 531, 45, 50, 449, 793, 748, 79, 961, 638, 21, 112, 144, 34, 20, 1181, 7, 13, 163, 886, 775, 13, 1396, 273, 5, 148, 73, 62, 36, 1147, 42, 3, 163, 1085, 577, 12, 1519, 154, 1, 21, 92, 6, 0, 1535, 0, 0, 20, 792, 871, 11, 1466, 205, 3]"
