500_0.jpg,"[127.0809992661448, 0.1679767631959401, 3.9125350197078563, 0.00018130443657335372, 0.013464933589637705, 7.473795254403131]"
500_1.jpg,"[133.78025241560664, 0.2650698239459844, 3.7876262619347054, 0.00034532900496547894, 0.018583030026491344, 6.809614267367905]"
500_10.jpg,"[200.98741744129157, 0.25560693425307424, 3.8348165036908815, 0.0004607336956704669, 0.021464708143146667, 7.987493884540116]"
500_100.jpg,"[176.81490414016633, 0.2015295031553926, 3.8601975323407283, 0.00039150098916310736, 0.019786383933480804, 8.685210524706457]"
500_101.jpg,"[380.05465310053813, 0.13632261742472815, 4.069637490052315, 0.00013147384417583826, 0.011466204436335429, 12.527959118150683]"
500_102.jpg,"[355.6738587022994, 0.14830076691568858, 4.07705337253128, 0.0001479665615315194, 0.01216415067037232, 11.241052317759294]"
500_103.jpg,"[57.64023131727005, 0.23232591576178965, 3.683130818621641, 0.0002931469964232189, 0.017121536041582803, 5.01565939946184]"
500_104.jpg,"[30.405875428082194, 0.3263513605854058, 3.4882594068418866, 0.0005398863374607814, 0.02323545432008553, 3.57760518590998]"
500_105.jpg,"[134.21580311276907, 0.3198897851929923, 3.570073840031289, 0.0005980058735543062, 0.024454158614728626, 5.608507369129159]"
500_106.jpg,"[89.09611209637966, 0.27303166379805455, 3.57770914192091, 0.006020311139254546, 0.07759066399544823, 5.8659720523483365]"
500_107.jpg,"[220.51069058830723, 0.17932510185090003, 3.849800917092665, 0.00031707585413764635, 0.017806623883758716, 9.363881329500979]"
500_108.jpg,"[179.69898559809198, 0.134686286438432, 3.94245898097585, 0.0001561705470206124, 0.012496821476704082, 9.297681476272015]"
500_109.jpg,"[59.38718887597847, 0.2534003362565271, 3.6622811607209966, 0.0003250159147765712, 0.01802819776840079, 4.794165086839531]"
500_11.jpg,"[565.8311406861546, 0.12720287180891307, 4.159381937109283, 0.0001492990197235137, 0.012218797801891711, 14.943038313356166]"
500_110.jpg,"[291.22877170988255, 0.20301983955238623, 3.955022027370073, 0.00027788968286220604, 0.016670023481153408, 10.18996147260274]"
500_111.jpg,"[197.4037541279354, 0.21275681401664417, 3.8542393447074765, 0.0003462896513916351, 0.018608859486589583, 8.494110047700588]"
500_112.jpg,"[70.47982280454988, 0.24305395674015756, 3.6602223184077167, 0.0003430598662898004, 0.01852187534484023, 5.28834011130137]"
500_113.jpg,"[366.1831312683464, 0.16392727359655354, 3.967323105319578, 0.00019988449913435497, 0.014138051461723958, 10.843310451320937]"
500_114.jpg,"[105.84365826810175, 0.2885867632963317, 3.625615950987488, 0.0006045876182028974, 0.024588363471424797, 6.22800727739726]"
500_115.jpg,"[70.26424519936398, 0.1791483192614273, 3.6224048465251033, 0.0003539277382336262, 0.018812967289442307, 5.960864878913894]"
500_116.jpg,"[85.48662243150683, 0.25836841084905793, 3.6126483971162555, 0.0004250656896885096, 0.020617121275495996, 5.455747003424657]"
500_117.jpg,"[154.03209087573381, 0.25605015585196433, 3.776292129976383, 0.0003322612479578545, 0.018228034670744252, 7.43248532289628]"
500_118.jpg,"[199.8025318003914, 0.15494801878507236, 3.9623997853703297, 0.00016137594096019765, 0.012703383051777886, 9.275769019080233]"
500_119.jpg,"[103.67961870107632, 0.26790385583730886, 3.7671497283269013, 0.00038172666104176124, 0.019537826415488527, 6.26214683219178]"
500_12.jpg,"[110.74956045132095, 0.23950364832513876, 3.812224049474368, 0.00026887066541302854, 0.016397276158344975, 6.431029079011741]"
500_120.jpg,"[49.40921982020547, 0.25547181026137955, 3.6142161914042066, 0.0003741583683418977, 0.01934317368845913, 4.568749235567514]"
500_121.jpg,"[287.9489244434931, 0.11424946214904767, 3.973500700717367, 0.00015426774906812912, 0.012420456878397393, 11.889046446917806]"
500_122.jpg,"[187.03625703277885, 0.15787925185642798, 3.943836857285646, 0.0001887623223178786, 0.013739080111778903, 9.274866988747554]"
500_123.jpg,"[429.1971356714775, 0.27319665770581597, 3.9416140618550495, 0.00042653518690723944, 0.02065272831630822, 11.809690710616438]"
500_124.jpg,"[552.3325892857143, 0.1747198691910817, 4.072438158794135, 0.000158220990079828, 0.012578592531751238, 13.453774767612522]"
500_125.jpg,"[363.9693233243639, 0.26367448979319996, 3.789101912737104, 0.0007690240487304353, 0.027731282854033912, 10.622293909001955]"
500_126.jpg,"[644.8302004341976, 0.13750598464345593, 4.142863639396579, 0.00013271447066141406, 0.01152017667665796, 15.25493441169276]"
500_127.jpg,"[119.07642031555773, 0.26997608112584487, 3.8039024249816435, 0.0004650261924572698, 0.02156446596735634, 6.696986607142857]"
500_128.jpg,"[784.3046148789138, 0.14013283569953017, 4.145810526784853, 0.00016593505794394497, 0.012881578239639155, 17.37475155944227]"
500_129.jpg,"[459.2408268101761, 0.27783031575072503, 3.8912797653490436, 0.0004846199975845766, 0.022014086344533508, 11.624839469178081]"
500_13.jpg,"[131.35995596868887, 0.27471650108239687, 3.756056442749685, 0.00034637401793706415, 0.018611126186694457, 6.7343367783757335]"
500_130.jpg,"[314.6281915056262, 0.1516152480352289, 4.085340597211792, 0.00014475067682240777, 0.012031237543262446, 11.366472755626223]"
500_131.jpg,"[39.50176583904109, 0.25188107160746953, 3.6015389261560395, 0.00037632857537330856, 0.019399190070034072, 4.286195878180039]"
500_132.jpg,"[82.41984160958904, 0.3549534689087692, 3.565360059488999, 0.0007376665231227138, 0.027160016994153626, 5.088926431017613]"
500_133.jpg,"[274.6906762169765, 0.36215821312559143, 3.701937210305637, 0.0014127823381386952, 0.03758699692897392, 8.47434946795499]"
500_134.jpg,"[366.3656280577299, 0.1071667923086222, 4.082536144476858, 0.0001372491688259952, 0.01171533904016419, 13.139164933953033]"
500_135.jpg,"[88.5462443431996, 0.20639660695289297, 3.7448347151681802, 0.0003447776056770504, 0.01856818800198475, 6.369790392612524]"
500_136.jpg,"[66.73627843688844, 0.24564884785007182, 3.748535533524036, 0.00033384885834018504, 0.018271531362756242, 5.43037548923679]"
500_137.jpg,"[56.429404659980435, 0.3785833313155642, 3.4488654843696027, 0.0024727862441353186, 0.0497271177943717, 4.354016328277885]"
500_138.jpg,"[301.4093115521037, 0.12688003448787516, 4.047132191661971, 0.00012932124820425682, 0.01137195006163221, 11.721391114236791]"
500_139.jpg,"[1133.6468092588063, 0.09126832955717407, 4.31157649711705, 0.00016725141709991113, 0.01293257194450938, 21.593184319960866]"
500_14.jpg,"[92.47155546722112, 0.3648035745054665, 3.5495883169116604, 0.001161791522177458, 0.03408506303613737, 5.248662243150684]"
500_140.jpg,"[109.71917426002936, 0.15269327468327784, 3.739682301635684, 0.0002773746671030227, 0.016654568955785758, 7.407331671966732]"
500_141.jpg,"[351.93441933708414, 0.17326256528877496, 4.01705262141056, 0.00048074327082078854, 0.021925858496779287, 11.723642367906066]"
500_142.jpg,"[1351.4573370229941, 0.11086310309840461, 4.36001115054932, 9.965017696957973e-05, 0.009982493524645019, 25.310221991193735]"
500_143.jpg,"[573.2816054611056, 0.2674320295151927, 3.6678724697468774, 0.03010535275326067, 0.1735089414216474, 13.987054335861057]"
500_144.jpg,"[45.34580632338552, 0.24991932863890126, 3.5123671242813415, 0.00048485268855177904, 0.022019370757398564, 4.662166707436399]"
500_145.jpg,"[103.83282625978474, 0.28277536727356606, 3.6667369984902205, 0.00043476706083533234, 0.020851068577781146, 5.560191413894325]"
500_146.jpg,"[79.27710677592955, 0.3007281268398779, 3.601523685005039, 0.0007090126494652501, 0.026627291440648824, 5.545185604207436]"
500_147.jpg,"[126.60969223948139, 0.1613953119895371, 3.88141054326048, 0.00020029116779671157, 0.0141524262159077, 7.684209118150685]"
500_148.jpg,"[96.17919826320937, 0.28116210112426476, 3.708625618252043, 0.0003877869108726586, 0.019692305880029858, 5.76531922700587]"
500_149.jpg,"[366.0686269263698, 0.2103028084350356, 3.885927075293912, 0.00042505734799198316, 0.020616918974278944, 10.760889340753426]"
500_15.jpg,"[68.13351960004893, 0.25200099364121514, 3.626514729971447, 0.0003895269215670092, 0.01973643639482592, 5.236297547700587]"
500_150.jpg,"[10.935523942025439, 0.5146035342874291, 3.055898535843305, 0.00232697631063885, 0.04823874283849912, 1.885461258561644]"
500_151.jpg,"[67.71728611179061, 0.19836339021902896, 3.6304064946109915, 0.00035930006836621894, 0.018955212168852632, 5.683949211105675]"
500_152.jpg,"[123.61857494496084, 0.16149566096956408, 3.8930969629153362, 0.0001793394630334512, 0.013391768480430477, 7.463349284491193]"
500_153.jpg,"[176.8011443554305, 0.16981424337263723, 3.918316092247541, 0.0004453697223435357, 0.021103784550253912, 8.76928280944227]"
500_154.jpg,"[1105.1461824241685, 0.05796509922987615, 4.3475954376412895, 5.9169990889902034e-05, 0.00769220325328849, 24.423235689823873]"
500_155.jpg,"[163.86987065802344, 0.16847996003716226, 3.896991527120987, 0.00019237988674124912, 0.013870107668697064, 7.737333353718198]"
500_156.jpg,"[213.97785821306263, 0.20619200646151414, 3.90077431873956, 0.00025462336914228926, 0.01595692229542681, 9.019420407289628]"
500_157.jpg,"[434.70691276296475, 0.09445762083753276, 4.079389046602952, 0.0001209736715852898, 0.010998803188769668, 14.43642597235812]"
500_158.jpg,"[133.72085601149706, 0.2393507863366855, 3.7602194304554475, 0.0003275936304835614, 0.01809954779776449, 7.0044222419275926]"
500_159.jpg,"[771.9142383194716, 0.10913414073803489, 4.130977785989134, 0.0001854261769331009, 0.013617128072141384, 18.498425269080233]"
500_16.jpg,"[576.8329867906066, 0.12569994275395685, 4.084993893728815, 0.00017574812163156039, 0.013257002739366103, 16.540415545499023]"
500_160.jpg,"[66.01727235200588, 0.24489407177239023, 3.6482328797655, 0.00035698427608658764, 0.018894027524236003, 5.019076412671233]"
500_161.jpg,"[117.61479864848336, 0.16489292407820552, 3.8088346645154845, 0.00022802838250304692, 0.015100608679885951, 7.2779285408512715]"
500_162.jpg,"[605.503145639677, 0.17545670448987044, 4.1037132183607765, 0.00022500876870957853, 0.015000292287471552, 14.885988716976517]"
500_163.jpg,"[161.49557393591, 0.1440700017983538, 3.935771738709677, 0.0001702753989621385, 0.013048961604746123, 8.740926186399216]"
500_164.jpg,"[343.8237218688845, 0.24508225885909715, 3.8566288244978515, 0.0005171927520606916, 0.02274187221977759, 10.370986729452053]"
500_165.jpg,"[24.465673159246577, 0.43593724163571584, 3.1674757726748, 0.0013387199354318025, 0.03658852190826793, 2.920808616682975]"
500_166.jpg,"[177.42964927837573, 0.14233972459436028, 3.898159116287155, 0.00018061858403802363, 0.013439441358852071, 8.99950311888454]"
500_167.jpg,"[133.82995963796478, 0.3166732902842885, 3.750689324242903, 0.0005225573540716337, 0.02285951342595974, 6.445587695694716]"
500_168.jpg,"[168.938906555773, 0.15728999192489898, 3.9657660370057495, 0.00016292053536105355, 0.01276403287997385, 8.67185206702544]"
500_169.jpg,"[535.260258683953, 0.14680882489911742, 4.104922566167795, 0.00014504627382331027, 0.012043515841452208, 13.777657167318981]"
500_17.jpg,"[142.3969048128669, 0.2324920134810293, 3.7838477037457805, 0.0004176549542514085, 0.02043660818852797, 7.186280730185909]"
500_170.jpg,"[151.7784215998043, 0.1618900368813664, 3.8279491672056682, 0.0002684427553728272, 0.016384222757666204, 7.900027519569471]"
500_171.jpg,"[807.5508691597358, 0.06997960824603336, 4.289643351309616, 6.853731434360247e-05, 0.008278726613652759, 20.339985170009783]"
500_172.jpg,"[175.1066230430528, 0.3703978364795866, 3.2379401246977277, 0.029855566136428983, 0.17278763305407302, 6.997798434442269]"
500_173.jpg,"[54.499755381604686, 0.2799237192778557, 3.5264765430209306, 0.0006443886645485653, 0.025384811690232514, 4.508599865459883]"
500_174.jpg,"[117.10846150318002, 0.2221421701477179, 3.6866106917156354, 0.00036910652881945623, 0.019212145346614893, 6.585383286448141]"
500_175.jpg,"[46.005721777152644, 0.42943569328251147, 3.234504310182447, 0.004587133711027464, 0.06772838187220674, 3.406269110812133]"
500_176.jpg,"[167.22203323752444, 0.21860598727693636, 3.9096782003424573, 0.00022663228783107182, 0.01505431127056538, 7.574643010029353]"
500_177.jpg,"[471.23857173434436, 0.215295866087888, 4.001197580698419, 0.00024590591644012814, 0.01568138758018971, 11.943646037181997]"
500_178.jpg,"[165.82209362769078, 0.13440437041245543, 3.7747119914955376, 0.0002532282167460164, 0.015913146035464402, 8.9448385518591]"
500_179.jpg,"[121.12045544887475, 0.2670739172101059, 3.719624792095722, 0.0010796480461771373, 0.032857998207090115, 6.816540025684932]"
500_18.jpg,"[127.0768369312622, 0.22055193940005716, 3.736542782277128, 0.0003044009968799859, 0.01744709135873329, 6.717897657778864]"
500_180.jpg,"[87.4161302898728, 0.2441654915796805, 3.743467332885427, 0.0002974769504952999, 0.017247520125957237, 5.615624235567515]"
500_181.jpg,"[227.08073935909982, 0.1728753819361079, 3.9709571735174505, 0.00022783991275368234, 0.015094366921261797, 9.70464622064579]"
500_182.jpg,"[95.40628057729941, 0.28925465043874704, 3.735385959376061, 0.0008778816690717802, 0.029629067975077788, 5.5110919153620355]"
500_183.jpg,"[46.764088490704495, 0.2549952006842049, 3.631773231669517, 0.00034349922242322143, 0.01853373201552298, 4.43480155332681]"
500_184.jpg,"[182.1495803265655, 0.20333593649195497, 3.8223389246501576, 0.00028889194961723093, 0.016996821750469435, 8.034403284001957]"
500_185.jpg,"[59.02179397015655, 0.23405110404947085, 3.6330432390562826, 0.000390757329109117, 0.019767582783666724, 5.088230797455968]"
500_186.jpg,"[18.730908298679058, 0.4441141911320577, 3.312625895812766, 0.004948735152663732, 0.07034724694445214, 2.5693454929060664]"
500_187.jpg,"[174.1748486423679, 0.15111786317662634, 3.9331008736789945, 0.00017039332951416904, 0.013053479594122367, 8.742539138943247]"
500_188.jpg,"[376.1491254892368, 0.3213502748865305, 3.7131209696670355, 0.0010716610105378965, 0.03273623390889515, 10.03288588551859]"
500_189.jpg,"[293.1429450525929, 0.16761567302774305, 4.028994456752539, 0.00020405021236020462, 0.014284614533133353, 10.958365184686889]"
500_19.jpg,"[301.9027871208414, 0.20619420736604344, 3.9962069309866237, 0.0002385916583477912, 0.015446412474998563, 10.478152519569472]"
500_190.jpg,"[590.4279751712329, 0.21093818845397203, 4.0474903718386726, 0.00024538927909020146, 0.01566490597131695, 13.044428816046967]"
500_191.jpg,"[384.20354926002926, 0.14927834267794587, 4.076725791526458, 0.00014519104097169628, 0.01204952451226588, 11.922100507583169]"
500_192.jpg,"[169.29435237279841, 0.2213571046945535, 3.813688981125994, 0.0002969467487579393, 0.017232142895123034, 7.483106042074363]"
500_193.jpg,"[161.79353443003913, 0.26367497766571685, 3.624790874610252, 0.0006528364730061798, 0.025550664825130867, 6.9211717221135025]"
500_194.jpg,"[261.0660851883561, 0.14236298822082596, 3.9808058179587684, 0.00017202836777351004, 0.01311595851524051, 10.643170560176126]"
500_195.jpg,"[117.3311865521037, 0.23282500378573673, 3.766967001863545, 0.0004337632158161313, 0.02082698287837514, 6.860945908757339]"
500_196.jpg,"[143.42502446183954, 0.2527457797482801, 3.838908884882562, 0.00027871237720377583, 0.016694681105183646, 7.412984650195694]"
500_197.jpg,"[60.1273850293542, 0.25981927997783033, 3.6028654489786365, 0.0004900041974692319, 0.02213603843214119, 5.08852128180039]"
500_198.jpg,"[25.506757583170252, 0.28843650805323806, 3.486839747775291, 0.00047165667248171407, 0.021717658080044312, 3.5246911692759295]"
500_199.jpg,"[1673.3517383194715, 0.06119064658748292, 4.448050070412047, 5.180156290138316e-05, 0.0071973302620751784, 27.107005259295494]"
500_2.jpg,"[109.85475400562622, 0.21517118000420193, 3.786989641122977, 0.0002420355372545199, 0.01555749135479496, 7.010117263943247]"
500_20.jpg,"[278.1045055650685, 0.20717151207321174, 4.004562466201714, 0.00018901959280242904, 0.013748439649735858, 9.72596624266145]"
500_200.jpg,"[93.59022596624267, 0.23702755711953535, 3.6575388546468606, 0.0004172138815692276, 0.020425814098077647, 5.810627140410959]"
500_201.jpg,"[791.1337756849315, 0.15986745171200775, 4.0681878331077765, 0.00023328339565848496, 0.015273617634944413, 16.43523727984344]"
500_202.jpg,"[89.84120443982387, 0.30548006630541813, 3.583183183713773, 0.0008688256326050935, 0.029475848293222934, 5.61451198630137]"
500_203.jpg,"[27.80448110322896, 0.3082901659384653, 3.5159552073199487, 0.0005448226057726792, 0.023341435383726496, 3.5182852250489236]"
500_204.jpg,"[185.05676675636008, 0.13429989322422495, 3.9019075406280574, 0.00017679964287950736, 0.013296602681869808, 9.294291218199609]"
500_205.jpg,"[107.82775042808218, 0.17375045055704058, 3.8257398654613795, 0.00021915068449581023, 0.014803738868806428, 7.109352067025441]"
500_206.jpg,"[273.9744794214775, 0.3195235186054364, 3.57562419305594, 0.00526585138587178, 0.07256618624312415, 9.34660515533268]"
500_207.jpg,"[291.41027473703525, 0.23754003169448354, 3.880011216297354, 0.0007301006555045026, 0.027020374821687846, 10.124759203767125]"
500_208.jpg,"[50.8358075464775, 0.28295915662468646, 3.541706447920077, 0.000641272522279093, 0.02532335922185469, 4.582153559197652]"
500_209.jpg,"[112.69379127935422, 0.2271415763946405, 3.7903346331510686, 0.00030147635571194353, 0.017363074489039766, 6.67722602739726]"
500_21.jpg,"[102.84088720034246, 0.20276283888974803, 3.8219988775184217, 0.00047971721293018927, 0.021902447647014003, 6.911773024706458]"
500_210.jpg,"[54.032018254647745, 0.3594915080041577, 3.4385881650343806, 0.0012506639569697963, 0.03536472758229302, 4.272416982632094]"
500_211.jpg,"[68.19093994618395, 0.27657504528155175, 3.740737191206528, 0.0005960023397552418, 0.02441315915147488, 5.140609711350294]"
500_212.jpg,"[20.65969376834638, 0.44411610781832433, 3.095972018148135, 0.0020481761630099767, 0.04525678029875719, 2.6705639982876717]"
500_213.jpg,"[40.570774981653614, 0.2400706527761985, 3.645952468277456, 0.0003535431071355606, 0.018802742011088718, 4.363881329500979]"
500_214.jpg,"[194.19311857876713, 0.23046360357768905, 3.8916519008935513, 0.0003958226307565132, 0.019895291673069616, 8.643858549412917]"
500_215.jpg,"[104.94769370719177, 0.17438685052044942, 3.744012043709545, 0.0002562227104918889, 0.01600695818985884, 6.916313753669276]"
500_216.jpg,"[234.25141802226028, 0.19494016614096943, 3.8803693804213735, 0.00030783956544225353, 0.017545357375734857, 9.615234374999998]"
500_217.jpg,"[389.2944326382094, 0.12132038991725583, 4.098683295756295, 0.00011496451647173237, 0.010722150739088328, 12.78450266022505]"
500_218.jpg,"[418.8606860017123, 0.31923638330041487, 3.777863899366275, 0.000942112009183295, 0.03069384318040501, 10.853836686643834]"
500_219.jpg,"[223.16232341609586, 0.1406057602696786, 4.046897067447168, 0.00014677393267105307, 0.012115029206364014, 10.090413252201564]"
500_22.jpg,"[1490.501792594178, 0.14666894697181512, 4.171803546784042, 0.0008359177055485836, 0.02891224144801962, 22.4155416768591]"
500_220.jpg,"[43.89784506482387, 0.3261831767760705, 3.4077013840041808, 0.0009687093478595615, 0.031124095936421375, 3.918186613258317]"
500_221.jpg,"[175.92231837084145, 0.1891515046450314, 3.9313884065893925, 0.00022405788104573344, 0.014968563092218752, 8.12834056996086]"
500_222.jpg,"[104.8675888270548, 0.27531570296738667, 3.6695610610420792, 0.00048093763527163886, 0.021930290359948243, 5.906697193003914]"
500_223.jpg,"[102.60273208170254, 0.22930963394034998, 3.726155973767736, 0.0003728217100837889, 0.0193085916131599, 6.350775134540117]"
500_224.jpg,"[57.468688845401175, 0.2357731588331417, 3.613354049191094, 0.00036662081282152906, 0.019147344798209728, 5.032427226027397]"
500_225.jpg,"[120.94721211472603, 0.20995894397433976, 3.8756840666086925, 0.00024970727575666625, 0.015802128836225397, 7.160091273238748]"
500_226.jpg,"[198.28166661570452, 0.21054027360948835, 3.933429069370919, 0.00022108736054679567, 0.014869006710160422, 8.381532075587083]"
500_227.jpg,"[68.74231363136006, 0.25152900333479666, 3.634389124949502, 0.0004035124039773317, 0.020087618175814965, 5.262341762475539]"
500_228.jpg,"[327.7545942392367, 0.22564509253451043, 3.7577631560787497, 0.010845775045383598, 0.10414305087418746, 11.749610139432484]"
500_229.jpg,"[126.58771862769079, 0.2075188825674361, 3.8018929349886883, 0.0003027198747647912, 0.017398846937794216, 6.858411815068493]"
500_23.jpg,"[1807.0500359283267, 0.038335725710787215, 4.435999767962057, 4.6152663893502064e-05, 0.006793575192305011, 32.34551201687866]"
500_230.jpg,"[182.5419214774951, 0.26367560127831347, 3.742613663276373, 0.000438244481835274, 0.020934289618596422, 6.8527626590019555]"
500_231.jpg,"[352.9340027213796, 0.34371262107508604, 3.7328392193346267, 0.0008205781510408189, 0.02864573530284777, 8.874965600538161]"
500_232.jpg,"[238.60175743028375, 0.32376977345667574, 3.5615819498754457, 0.002611511243149297, 0.051102947499623706, 9.061028467465754]"
500_233.jpg,"[720.5357677959882, 0.12070829539608774, 4.160107888039282, 0.00029405758536575383, 0.017148107340629572, 16.804748654598825]"
500_234.jpg,"[255.15808846012717, 0.12842375980048776, 4.017931328045517, 0.00014517939765798076, 0.012049041358464197, 10.589740551614481]"
500_235.jpg,"[57.48809014187866, 0.20852646131345348, 3.649052228445549, 0.00033115593664579155, 0.018197690420649306, 5.290782473091976]"
500_236.jpg,"[288.8303838979941, 0.1850113661597396, 3.9826475190076884, 0.00028020651237555607, 0.016739370130789154, 10.597583628913894]"
500_237.jpg,"[78.70456213307239, 0.21530589756148072, 3.7188736572219905, 0.00029423586538950165, 0.01715330479498052, 5.723665300880625]"
500_238.jpg,"[330.73134020303326, 0.14248746876188662, 4.10308177384417, 0.00012154529693123289, 0.011024758361580216, 11.133729818982387]"
500_239.jpg,"[121.97171217588064, 0.3461648192215134, 3.4836397728850717, 0.0026202827707896242, 0.05118869768600901, 6.3733755809686885]"
500_24.jpg,"[68.33874678938355, 0.28224751389172487, 3.645458178795308, 0.00045979387426777537, 0.02144280472018004, 4.825147535469667]"
500_240.jpg,"[120.50491147871817, 0.1991463232490777, 3.740937991866024, 0.0003529770112679629, 0.018787682434722036, 7.366992569716242]"
500_241.jpg,"[359.7441559136497, 0.14629134614538122, 4.060783606026366, 0.0001516586095621401, 0.012314975012647817, 11.60664215386497]"
500_242.jpg,"[280.3556827910959, 0.1827739531728795, 4.020028477028437, 0.00016402233322650598, 0.012807120411181663, 10.100316475048922]"
500_243.jpg,"[344.7281869190313, 0.21342552968874448, 3.944982537263886, 0.00029791282970442447, 0.0172601514971458, 11.104784582925637]"
500_244.jpg,"[230.5095210066047, 0.2662290634995585, 3.80891304530116, 0.00044497309001307705, 0.021094385272225333, 8.479570541829744]"
500_245.jpg,"[98.65077284124266, 0.31341556165364604, 3.651530649845408, 0.0008073958016206672, 0.028414711007164355, 5.691738778131116]"
500_246.jpg,"[80.39255519202543, 0.2522373113954367, 3.464653456888132, 0.0007320778494106824, 0.027056937177195102, 5.5055306690313115]"
500_247.jpg,"[368.0046018835617, 0.19839719361430835, 4.001344935758018, 0.0009907545526185249, 0.03147625378946047, 11.337871514187867]"
500_248.jpg,"[148.10248746330726, 0.1534504106007241, 3.8332455572307254, 0.0002394931970609074, 0.015475567745995861, 8.172387169765164]"
500_249.jpg,"[160.3357884356653, 0.19714559927349043, 3.781107937417873, 0.001421330794789337, 0.03770054104106912, 7.891332100048924]"
500_25.jpg,"[47.870382827788646, 0.3250086930595416, 3.5524349308739174, 0.0005970440291962495, 0.024434484426650985, 4.158436276908024]"
500_250.jpg,"[1353.2003424657535, 0.07416946819899566, 4.336062612770995, 8.296033407610688e-05, 0.009108256368598047, 24.786310543052835]"
500_251.jpg,"[257.64912931139924, 0.27129459381035104, 3.83042535386859, 0.0008292210397866388, 0.02879619835649558, 9.254399308953035]"
500_252.jpg,"[32.255568890655574, 0.29145662155360647, 3.5710147817952387, 0.00039616958543541665, 0.019904009280429322, 3.7621124327299413]"
500_253.jpg,"[39.75133775684931, 0.24936385224782112, 3.6642564799481034, 0.0003121093891765014, 0.01766661793260106, 4.3361133194716235]"
500_254.jpg,"[526.4482288099315, 0.11446885307146094, 4.131404228605077, 0.0001126499878641668, 0.010613669858449847, 14.144481561888451]"
500_255.jpg,"[279.23924825709395, 0.1477852825717673, 4.019886584513041, 0.00016740495690812922, 0.012938506749549161, 10.480602525684931]"
500_256.jpg,"[95.9816880198141, 0.3018707009260599, 3.552066340067754, 0.001049128890288171, 0.03239025918834505, 5.849181292808219]"
500_257.jpg,"[476.73839209271034, 0.12767307431111644, 4.091008007516057, 0.0001306102083202313, 0.011428482327948505, 14.047734986545988]"
500_258.jpg,"[120.14231821795498, 0.431182532670545, 3.427662792672833, 0.002282871146106052, 0.04777940085545288, 5.098822009540117]"
500_259.jpg,"[347.8705013148238, 0.15715983751513674, 3.974867402251343, 0.00020745275531190444, 0.014403220310468921, 10.669822498776908]"
500_26.jpg,"[222.58559350538158, 0.2870767335249539, 3.7086280211342717, 0.0005185350785819392, 0.022771365320988973, 7.720936276908024]"
500_260.jpg,"[626.1121498899216, 0.16073385941592816, 4.102698164648299, 0.002157981741925581, 0.046454082080325095, 16.021342954990217]"
500_261.jpg,"[100.52025746086105, 0.21409782252080867, 3.7936659859815887, 0.0002493415120860328, 0.015790551354719465, 6.3220324730919755]"
500_262.jpg,"[32.289727556262235, 0.255723898438513, 3.5428905588732316, 0.0004479999498336507, 0.02116600930344808, 4.066673801369862]"
500_263.jpg,"[210.45931690313114, 0.17810877443680243, 3.8607721973177593, 0.00024923739427317175, 0.015787254171424864, 8.774966364970647]"
500_264.jpg,"[44.47241927592955, 0.3184645780318942, 3.4674608224161956, 0.0005665658878659485, 0.023802644556140153, 4.130144630626222]"
500_265.jpg,"[27.892853320694712, 0.36345502244002137, 3.538887846442411, 0.00048553561199752323, 0.022034872634020902, 3.2634654782289627]"
500_266.jpg,"[73.61035347358121, 0.20725176636481288, 3.683051443182826, 0.0003077267772320396, 0.017542142891677732, 5.594652030332681]"
500_267.jpg,"[76.00245382827788, 0.22131990044467945, 3.77639104738243, 0.00025104744746138555, 0.015844476875598815, 5.746407167318983]"
500_268.jpg,"[301.02487845523484, 0.15529328201536427, 4.053959287909066, 0.00021016324423935048, 0.0144970081133781, 11.178766358855187]"
500_269.jpg,"[120.65776739848336, 0.25891924321866816, 3.812547071855275, 0.00031745920695472075, 0.017817384963981688, 6.451324761497064]"
500_27.jpg,"[993.8334607387476, 0.11122887170775145, 4.267071532873753, 9.501773778816859e-05, 0.009747704231672635, 18.381168970156555]"
500_270.jpg,"[108.96483228351272, 0.196436004549389, 3.7872094303485526, 0.0002478158362438489, 0.0157421674569879, 7.012357051125243]"
500_271.jpg,"[32.332180314334636, 0.37753472335470856, 3.5045795113566762, 0.0009837205375462683, 0.03136431949757986, 3.428988044275929]"
500_272.jpg,"[353.78297761741675, 0.2199854774723693, 3.9578611124961434, 0.00030479927271457653, 0.017458501445272345, 10.611026174168297]"
500_273.jpg,"[47.11550957069471, 0.2734978191564911, 3.5248310962492506, 0.0004898037484008626, 0.022131510305464074, 4.184690710616438]"
500_274.jpg,"[144.97084072284733, 0.30348460689334694, 3.596644106477634, 0.0023022506821213577, 0.04798177447866385, 6.9538626773483365]"
500_275.jpg,"[123.83176752079255, 0.1592500032364347, 3.9054531701673727, 0.0001726512923617517, 0.013139683876020446, 7.561173709637964]"
500_276.jpg,"[271.2035721930039, 0.3136395717567011, 3.7111230946684097, 0.0017509277910693183, 0.04184408908160528, 8.59106301981409]"
500_277.jpg,"[336.24822651663396, 0.12673258166888784, 4.055623876388229, 0.00014965267989927472, 0.012233261212745958, 12.353443003913892]"
500_278.jpg,"[1255.0692117172212, 0.2729878368564966, 4.051729136743895, 0.0005785373545730774, 0.024052803465980373, 20.650103962818]"
500_279.jpg,"[987.3655210371819, 0.23681219303850548, 3.9007861438698566, 0.0010692566005154822, 0.03269948930053009, 18.33980552837573]"
500_28.jpg,"[106.75764432485322, 0.3297253353128389, 3.639635610267154, 0.0007256847206007121, 0.0269385359773079, 6.0724070450097845]"
500_280.jpg,"[101.3535041585127, 0.34034193672419755, 3.4692131269112587, 0.002024867855933378, 0.04499853170863887, 5.714973703522505]"
500_281.jpg,"[220.7954990215264, 0.2909196349439387, 3.717964966657938, 0.000813927605657042, 0.028529416496960502, 8.735422272504891]"
500_282.jpg,"[69.15652519569471, 0.24453975368356845, 3.7531878217374732, 0.00026468192121594625, 0.016269047950508545, 5.287296660958903]"
500_283.jpg,"[51.51519691780821, 0.27767196852942067, 3.4159038460620303, 0.0007490923902848837, 0.027369552248527627, 4.5029048434442265]"
500_284.jpg,"[13.571978962818005, 0.4563316306416214, 3.2732639146345854, 0.0016280556457735277, 0.04034917156241907, 2.223871697651663]"
500_285.jpg,"[772.6300223214284, 0.07718054617637102, 4.3001954730750285, 7.18190560893884e-05, 0.008474612444789932, 19.446497370352247]"
500_286.jpg,"[537.6897588979941, 0.1690623101791655, 4.087515895397825, 0.0001738376466886662, 0.013184750535700939, 13.089855216487281]"
500_287.jpg,"[140.2009310787671, 0.2924206448077079, 3.7398107389939064, 0.0007869307859098221, 0.028052286643156597, 6.720622859589041]"
500_288.jpg,"[113.8019470095401, 0.2602886437811537, 3.557071224023307, 0.0009875047532885968, 0.03142458835511767, 6.45725675758317]"
500_289.jpg,"[247.7477411020059, 0.31055374070880903, 3.7514939766813273, 0.0012749630998173352, 0.03570662543306683, 9.428376498287669]"
500_29.jpg,"[391.5176316352739, 0.2243905895293834, 3.9903606398427893, 0.00036262931833810636, 0.019042828527771456, 11.978874908268102]"
500_290.jpg,"[64.94373012475538, 0.25242608946403694, 3.610760990017841, 0.00046488534780541165, 0.021561200054853433, 4.997546171722114]"
500_291.jpg,"[169.33204271648725, 0.21087130388923822, 3.7689454699631786, 0.00029231008759702533, 0.017097078335114025, 7.906360842710372]"
500_292.jpg,"[157.3483671722113, 0.1403041573031646, 3.920763593191702, 0.00017704355350158245, 0.013305771435793659, 8.91602709148728]"
500_293.jpg,"[214.22038588551857, 0.44694321155898, 3.2319325144534963, 0.008812629626107266, 0.09387560719434664, 6.440091426125245]"
500_294.jpg,"[232.94322559931504, 0.1689977168130809, 3.9239715578608747, 0.00018661665828150175, 0.013660770779187452, 9.344590875733855]"
500_295.jpg,"[28.384104390900198, 0.3687251276177134, 3.3606995677453395, 0.0008092234512597847, 0.028446853099416546, 3.0758775684931505]"
500_296.jpg,"[897.8559503424658, 0.05572771119881183, 4.170974369526328, 0.00010616105372001043, 0.01030344863237598, 21.79919123043053]"
500_297.jpg,"[152.09098275440314, 0.2230635768459994, 3.869734431355122, 0.00024308905262081338, 0.015591313370618056, 7.500833231409003]"
500_298.jpg,"[817.897030944227, 0.1601029727359135, 4.0803716121157345, 0.00022594953969243498, 0.015031617999817417, 15.955555895303325]"
500_299.jpg,"[173.31120810909982, 0.15687473288677625, 3.899422544859233, 0.00018633865773150305, 0.013650591845466008, 8.4950311888454]"
500_3.jpg,"[64.27544031311155, 0.29285344734777236, 3.4189349498184187, 0.0011645277958586152, 0.03412517832713281, 5.188402030332681]"
500_30.jpg,"[115.51779216609587, 0.24261570653586856, 3.771500169866843, 0.0002999327985448062, 0.01731856802812537, 6.6992837267612515]"
500_300.jpg,"[374.3146595217711, 0.17651891414066223, 3.9348723920887085, 0.0002231943182347545, 0.014939689362056847, 11.741037029109588]"
500_301.jpg,"[205.6226187928082, 0.26348000711035785, 3.762848192940079, 0.0006569016476059441, 0.025630092617974366, 7.708082344667319]"
500_302.jpg,"[292.7200151357632, 0.14558718668635914, 3.943703481604342, 0.00019941429625449695, 0.014121412686218648, 10.915579898483365]"
500_303.jpg,"[45.77160668419765, 0.282677242549267, 3.50242758419019, 0.0012945981021148774, 0.035980523927742876, 4.436242508561644]"
500_304.jpg,"[143.13974208047946, 0.16125679978025964, 3.749802095068434, 0.00028968624420740434, 0.017020171685603068, 7.8858969850782765]"
500_305.jpg,"[113.23096563111544, 0.2556800669398516, 3.6936918485912993, 0.0005302825539370697, 0.023027864728130346, 6.774064334637963]"
500_306.jpg,"[99.07828170865949, 0.2741901131937307, 3.716272472116342, 0.00038139925310533117, 0.0195294457961646, 5.91161249388454]"
500_307.jpg,"[98.72741866438355, 0.3997661849873455, 3.498240333764906, 0.0019129076357966067, 0.04373679956051433, 4.654323630136987]"
500_308.jpg,"[1002.0058937744618, 0.05631198567026843, 4.32072282971975, 7.920426973343941e-05, 0.008899678069089883, 22.53902427837573]"
500_309.jpg,"[142.59423923679057, 0.3206407141376502, 3.515479289594705, 0.0016010460578253193, 0.04001307358633324, 6.913557974559687]"
500_31.jpg,"[482.146304733366, 0.16972056682049855, 4.124185019105178, 0.0001489244614796599, 0.012203461045115844, 13.732372186888453]"
500_310.jpg,"[58.99670147382582, 0.20366008770551233, 3.599725815430255, 0.00040546783788880734, 0.020136231968489224, 5.312809595156555]"
500_311.jpg,"[149.89994725415852, 0.3072169707386734, 3.597658575478569, 0.00559343265720427, 0.07478925495821087, 7.088211686643836]"
500_312.jpg,"[142.19895119863014, 0.18342665454328455, 3.789416093653623, 0.0002936331595543118, 0.017135727575866504, 7.470592282289629]"
500_313.jpg,"[138.13986056751466, 0.240047418616418, 3.7244802567921664, 0.0004517393307832653, 0.021254160317059467, 7.0884219055773]"
500_314.jpg,"[616.7083804733365, 0.0993379813006213, 4.164342146431308, 0.00011267416563606034, 0.010614808789425287, 16.395658787915853]"
500_315.jpg,"[44.795070939334636, 0.3796285315510757, 3.3470597047091983, 0.0012231770808128067, 0.03497394860196382, 3.795743639921722]"
500_316.jpg,"[264.74794367661445, 0.20652664170187746, 4.010827356131572, 0.00018154187544138121, 0.013473747639071366, 9.74595615215264]"
500_317.jpg,"[156.52583017367905, 0.14403410629689017, 3.930512640060115, 0.0001719319050376714, 0.01311228069550341, 8.552814640410958]"
500_318.jpg,"[218.03618823385517, 0.3002114771085823, 3.710192572981205, 0.0006507798503714289, 0.02551038710743976, 8.54403895547945]"
500_319.jpg,"[56.878053907778856, 0.31318886829747394, 3.4772820002985156, 0.0010250134254623949, 0.03201583085697441, 4.5599123960371815]"
500_32.jpg,"[162.58196627323872, 0.15558601523851706, 3.857992197162194, 0.00021887618278349644, 0.014794464599420165, 8.46819578644814]"
500_320.jpg,"[220.59595538772015, 0.1884629987638736, 3.9516562308875205, 0.00019661409391484661, 0.014021914773483921, 8.822059228228962]"
500_321.jpg,"[383.6594071061644, 0.1827506618682367, 4.065085759483796, 0.00022825428031983825, 0.015108086586985073, 12.191452115949119]"
500_322.jpg,"[83.01161172945206, 0.21721662644266723, 3.6727900240358142, 0.0003819216317630247, 0.019542815348946647, 5.9235338184931505]"
500_323.jpg,"[561.6317346501957, 0.08771365104727262, 4.228543457140355, 8.834131999712672e-05, 0.009399006330305706, 16.473114909491194]"
500_324.jpg,"[55.78129204378668, 0.21629919990488383, 3.6771695236752318, 0.0003007944914133064, 0.017343427902617937, 5.180891481164383]"
500_325.jpg,"[887.0590103657045, 0.10390854511953546, 4.215768229849637, 0.00011556247440609728, 0.010749998809585853, 18.344082528131114]"
500_326.jpg,"[91.19796125856165, 0.2163146084094217, 3.7895669338774045, 0.0003116044681849183, 0.017652321892173795, 6.075353932240705]"
500_327.jpg,"[122.61433998899217, 0.22321997319475084, 3.819716436903427, 0.00027384002294144537, 0.016548112367924184, 6.817120994373777]"
500_328.jpg,"[200.68682347725047, 0.17560354951122736, 3.911031883501951, 0.00021597936431428844, 0.014696236399646286, 9.103309228228962]"
500_329.jpg,"[441.671901755137, 0.1301064091396015, 4.0170028700814635, 0.00018035915143248214, 0.013429785978655137, 13.614492875489237]"
500_33.jpg,"[83.65842481042073, 0.19622732845005436, 3.70594634173453, 0.00029131283850773965, 0.01706788910520981, 6.064583078522505]"
500_330.jpg,"[148.3916455173679, 0.15282997071715673, 3.88873303637023, 0.0001907348559767872, 0.013810679055599953, 8.116526265900196]"
500_331.jpg,"[54.18629984099804, 0.2616029220302705, 3.484441884825746, 0.0005937129384997348, 0.024366225364215417, 4.835776969178082]"
500_332.jpg,"[72.91767444349314, 0.19431190279665828, 3.787819012377226, 0.00022505852671022468, 0.01500195076349155, 5.915679274706457]"
500_333.jpg,"[402.9684748043053, 0.20912121806568595, 3.9913471667643945, 0.0003028141826841015, 0.017401556904027338, 11.343100232387474]"
500_334.jpg,"[123.09389142000978, 0.29250712815669977, 3.6049960386698676, 0.0006377636190444502, 0.025253982241310976, 6.327150348581212]"
500_335.jpg,"[359.7776074792074, 0.18659003862379697, 4.018022427014585, 0.00019943623886077135, 0.014122189591588528, 11.086912151418787]"
500_336.jpg,"[173.80422119618393, 0.17333945731581885, 3.9286203266342214, 0.00018325403421904602, 0.013537135377141133, 8.636015472113503]"
500_337.jpg,"[308.4998127140411, 0.1455282771327887, 4.060093709971418, 0.00021423163280275006, 0.014636653743350974, 11.425242325097846]"
500_338.jpg,"[36.93862753791585, 0.3044030425583724, 3.387304829979247, 0.0007143942927879227, 0.026728155431827366, 3.9732945511252438]"
500_339.jpg,"[82.9151403498043, 0.28723876354309763, 3.4466676992806264, 0.0006756738102343253, 0.025993726362996232, 4.82272810665362]"
500_34.jpg,"[87.22926476883562, 0.20746239236092665, 3.5559532353033587, 0.0005813887831103982, 0.024112004958327257, 6.1230086533757335]"
500_340.jpg,"[138.3189479880137, 0.18541539509203733, 3.7337632932142735, 0.00031173169731810304, 0.017655925275048688, 7.3044619924168295]"
500_341.jpg,"[84.65680421355185, 0.2210484966891984, 3.7253229043523075, 0.0002864270732516943, 0.016924156500449122, 5.784984252690801]"
500_342.jpg,"[199.64954210494128, 0.19845800707413183, 3.828374433102944, 0.00029846977308012405, 0.017276277755353554, 8.610747156311154]"
500_343.jpg,"[117.68739680161447, 0.28772469526331174, 3.6715275242208283, 0.0004414478174772821, 0.021010659615473333, 6.27607861423679]"
500_344.jpg,"[414.83976730675147, 0.11767345286892114, 3.9989218706528327, 0.00017102955552918356, 0.013077826865698427, 13.335096624266146]"
500_345.jpg,"[383.0525509112035, 0.2513771128431817, 3.9715045575810604, 0.0003129354435709627, 0.017689981446314822, 10.966880962573384]"
500_346.jpg,"[214.87374633072406, 0.35719454508339377, 3.660146073002389, 0.0014084731506543765, 0.037529630302660544, 7.710402397260273]"
500_347.jpg,"[377.29573599559683, 0.2180937826667873, 3.909666689438007, 0.0002923681799897351, 0.0170987771489582, 10.047295437866927]"
500_348.jpg,"[95.89352602128179, 0.2915200032039947, 3.698681603034461, 0.00045087511787509656, 0.02123382014323133, 5.505140808463796]"
500_349.jpg,"[181.2557294214775, 0.16391415686427346, 3.960489129752211, 0.00017004904096419034, 0.013040285309922876, 8.708304030088062]"
500_35.jpg,"[44.30322743395303, 0.34223150267543617, 3.385998753580755, 0.0011470716855987624, 0.033868446755036793, 4.185030883072407]"
500_350.jpg,"[232.74959485078278, 0.1168914244843807, 3.9726110148393134, 0.0001677177193966298, 0.012950587608160095, 10.66365735078278]"
500_351.jpg,"[115.57665346746573, 0.18886409171725838, 3.8582963556814986, 0.00020657743962026792, 0.014372802079631791, 6.903249602495107]"
500_352.jpg,"[163.20902259662427, 0.3306880935762143, 3.537398859051227, 0.002178052594214397, 0.04666961103560214, 6.436311307485322]"
500_353.jpg,"[345.10129112646774, 0.13887780608691414, 4.063232907205078, 0.00014552622816101657, 0.012063425225076689, 11.663041982632093]"
500_354.jpg,"[53.70145853718199, 0.22581825765901162, 3.6857729442267835, 0.0002852494550622978, 0.01688932962145916, 4.959034063111545]"
500_355.jpg,"[1127.9062920437864, 0.1828076643075059, 4.109095940534696, 0.001999710124614033, 0.044718118527214815, 18.909105155332682]"
500_356.jpg,"[144.26333552470643, 0.18416094824953416, 3.789075470994044, 0.00031689169402133836, 0.017801452020027423, 7.483278039383562]"
500_357.jpg,"[183.8626658818493, 0.20152533612897972, 3.9417656636631886, 0.0002291215830157747, 0.015136762633263913, 8.483010488013699]"
500_358.jpg,"[342.549061276908, 0.12266730695865241, 4.046218572365418, 0.00014939660004216194, 0.012222790190548226, 12.473497125733855]"
500_359.jpg,"[168.54160806017615, 0.32508906719169767, 3.7342594322220957, 0.0004809482632650241, 0.021930532671711925, 7.0788129892367895]"
500_36.jpg,"[126.37600140655577, 0.18259474091490188, 3.8567376581133117, 0.0002414065718755363, 0.01553726397650295, 7.498662243150685]"
500_360.jpg,"[85.15014218444226, 0.24147818238330704, 3.756916478010792, 0.00027964984656944316, 0.0167227344226189, 5.795445511252447]"
500_361.jpg,"[363.94158206947156, 0.23713546929655324, 3.784414408797019, 0.00045825865149270176, 0.02140697670136308, 9.93337970890411]"
500_362.jpg,"[58.08431690313111, 0.20612841277719537, 3.7322682125803484, 0.00026884967238691913, 0.0163966360082463, 5.3918328033268095]"
500_363.jpg,"[88.39689716854207, 0.275450131352568, 3.6924418211345635, 0.00041321693795655015, 0.020327738141676023, 5.8469032840019555]"
500_364.jpg,"[42.36315511863992, 0.27306619011073546, 3.5038933103424097, 0.0004959481821656187, 0.022269894076210123, 4.397126498287671]"
500_365.jpg,"[757.2054182974559, 0.12750760463369562, 4.203010818227001, 0.00010551959770962563, 0.010272273249365286, 15.779040790117417]"
500_366.jpg,"[446.95337344055775, 0.15896211116726658, 4.038155186918498, 0.00021552336131012864, 0.014680713923720761, 12.110280852495107]"
500_367.jpg,"[332.0447995658023, 0.12638135886685622, 3.983329709312989, 0.00019084111399725098, 0.013814525471301973, 12.455766114236791]"
500_368.jpg,"[24.69198721868884, 0.32471365294535526, 3.3597670112522997, 0.0007390585053821282, 0.027185630494474984, 3.2626972235812133]"
500_369.jpg,"[563.6074639187867, 0.14430108327894967, 4.159448493943948, 0.00012054270097517198, 0.010979194003895366, 15.141672272504891]"
500_37.jpg,"[110.96905577299412, 0.2322635782919841, 3.7090243611408296, 0.0004955091912553382, 0.022260035742454193, 6.246185481898239]"
500_370.jpg,"[313.62616958170247, 0.20852533415158842, 3.88982925073902, 0.0002801412616092948, 0.01673742099635708, 10.060864114481408]"
500_371.jpg,"[81.07986026174167, 0.21129433300954803, 3.840140440919204, 0.00022741523128604199, 0.015080292811681145, 6.085157778864971]"
500_372.jpg,"[475.46130824975535, 0.18918979409749834, 4.079695281986506, 0.0001701544954937453, 0.013044328096676551, 12.208961442025439]"
500_373.jpg,"[237.76664169520552, 0.16701201967014928, 3.9882641748568157, 0.00019095303297639071, 0.013818575649334874, 9.72019477739726]"
500_374.jpg,"[321.18033344545006, 0.1014155732667087, 3.9850792914320534, 0.000159908335597335, 0.012645486767907948, 12.451217740949119]"
500_375.jpg,"[469.9609757216242, 0.35740430138951357, 3.591396361583592, 0.0030976461424934163, 0.055656501349738256, 10.970431751467709]"
500_376.jpg,"[62.18648712695695, 0.27728096978654493, 3.6281505673873977, 0.0004119064077619046, 0.020295477519928044, 4.942778406311154]"
500_377.jpg,"[381.30480980919765, 0.073151865489697, 4.022456340347742, 0.00014081920310987588, 0.011866726722642428, 14.868020731409002]"
500_378.jpg,"[458.5253715141879, 0.1907961320523231, 3.960775351262465, 0.00040792348141335523, 0.02019711567064355, 12.329523911448142]"
500_379.jpg,"[62.33626238380625, 0.27622654749224845, 3.6359582928685574, 0.0004149913088439483, 0.020371335470310933, 4.909877232142858]"
500_38.jpg,"[132.0659361240215, 0.14142833863037219, 3.797713209309179, 0.0002458237047112273, 0.015678766045554328, 8.117573538405088]"
500_380.jpg,"[530.8681430406066, 0.126935412743038, 4.173886921477148, 0.00010698309065992754, 0.010343263056691903, 13.644538894324853]"
500_381.jpg,"[426.02636527641874, 0.2895492570578943, 3.8422156271423953, 0.0005912746869011323, 0.024316140460630922, 10.750565680039138]"
500_382.jpg,"[266.1341961227984, 0.23413441012917208, 3.876381683192805, 0.0005501841910404816, 0.02345600543657171, 9.197322957436398]"
500_383.jpg,"[236.30162977005872, 0.11818659618722971, 4.002885472915549, 0.00014413960737730302, 0.012005815564854519, 10.77917074363992]"
500_384.jpg,"[143.28032121453032, 0.19697209892733486, 3.810592407994064, 0.00033381240176631174, 0.018270533702284444, 7.64322024828767]"
500_385.jpg,"[21.24294428816047, 0.38364808843900144, 3.3265730393088586, 0.0011808726124513656, 0.034363827092618274, 2.79879372553816]"
500_386.jpg,"[40.17489833047946, 0.3471182227649057, 3.424553804183174, 0.0009671233590679741, 0.03109860702777496, 3.8878004219667317]"
500_387.jpg,"[237.45458124388455, 0.15213150014936702, 4.010143779015481, 0.0001854671695783778, 0.01361863317585057, 10.420984436154598]"
500_388.jpg,"[176.76580846379647, 0.2420604317690066, 3.8126536397138446, 0.001983228320125786, 0.044533451697861756, 8.056269875244618]"
500_389.jpg,"[209.13079822040118, 0.21922563045919763, 3.842015421994063, 0.0004224810712641661, 0.020554344340410525, 9.019978443003914]"
500_39.jpg,"[805.0439892673679, 0.06248748728788653, 4.31060125719099, 6.201524715615032e-05, 0.007874976009877764, 20.46518392245597]"
500_390.jpg,"[185.0402397260274, 0.32643630226019177, 3.4512226999687545, 0.007093416841055474, 0.08422242481106486, 6.936995474559686]"
500_391.jpg,"[151.2500191108121, 0.2639701070075511, 3.7914918753964715, 0.00039059747824503305, 0.019763539112341015, 7.373711931262231]"
500_392.jpg,"[13.081671966731898, 0.40235772409630266, 3.2098398419948904, 0.0010867995024024162, 0.032966642267638, 2.316627935420743]"
500_393.jpg,"[129.51352663282776, 0.16831204566221725, 3.925853343870293, 0.00017244188071751743, 0.013131712786895601, 7.544149798189823]"
500_394.jpg,"[942.4557852250488, 0.26753759927405296, 3.9206304857648777, 0.0010892841592532359, 0.03300430516240625, 15.994671905577299]"
500_395.jpg,"[466.68305864726017, 0.21442751312423236, 3.954977721752244, 0.0003735973344670259, 0.019328666132639002, 12.052493578767121]"
500_396.jpg,"[579.7524576504402, 0.12568972947741286, 4.139441815737763, 0.00017879103666138538, 0.01337127655317118, 15.536581916585126]"
500_397.jpg,"[30.171060879403132, 0.4396522446080292, 3.1826591295302356, 0.0015174271095556927, 0.03895416678040608, 2.809942973336595]"
500_398.jpg,"[93.75574088796478, 0.28553735976060407, 3.6763864272852103, 0.00039347775210598154, 0.019836273644663747, 5.648406922700587]"
500_399.jpg,"[524.7935535408512, 0.18403170927297424, 3.995605212652645, 0.00029181589686130675, 0.01708261973062992, 13.993582589285714]"
500_4.jpg,"[1303.2517085066045, 0.17674644373918696, 3.8233666215264748, 0.010454994714521102, 0.10224966853012826, 24.065026449363994]"
500_40.jpg,"[74.12893300513697, 0.1839293378286934, 3.6985350523418883, 0.00032706168297958984, 0.01808484677788534, 5.88549948018591]"
500_400.jpg,"[78.31219040484343, 0.1656135322272771, 3.7577263473215954, 0.00027104709584675144, 0.016463508005487515, 6.369912701810176]"
500_401.jpg,"[67.30248211227985, 0.20408721537939056, 3.6474583148217983, 0.0003631782121957917, 0.01905723516661826, 5.675081794275929]"
500_402.jpg,"[34.88530454990215, 0.2847948478871818, 3.5515620358317466, 0.0005947917930475083, 0.02438835363544469, 4.027274951076321]"
500_403.jpg,"[3060.16393636864, 0.057119459928630045, 4.56507300561397, 0.0002757735653778863, 0.016606431446216444, 39.7141978045499]"
500_404.jpg,"[93.58906402886497, 0.30049947855387943, 3.6268896399772625, 0.0008036739586862538, 0.02834914387924711, 6.025516756360078]"
500_405.jpg,"[61.25503378791584, 0.2558933179002601, 3.618926066035386, 0.0007147142428678261, 0.026734140024841386, 5.351925605430528]"
500_406.jpg,"[191.37210662304304, 0.19439544523898641, 3.8140099830013017, 0.000301531073442836, 0.017364650110003255, 8.708915576076322]"
500_407.jpg,"[32.14134738869863, 0.2952438784660552, 3.5517612362329167, 0.00044452090724296566, 0.02108366446429476, 3.7179053021037185]"
500_408.jpg,"[22.095936276908024, 0.42494816251422374, 3.357281462379463, 0.0010976506325174862, 0.033130810924538, 2.6931032901174166]"
500_409.jpg,"[55.24563126834638, 0.2938028517036962, 3.6236297374834052, 0.0005750288969106657, 0.023979760151233077, 4.646530240949119]"
500_41.jpg,"[166.55851730675147, 0.1688700415188912, 3.9436152786400243, 0.0001653154641907436, 0.01285750614196795, 8.208888820939334]"
500_410.jpg,"[170.04863319471622, 0.3216083978465293, 3.587675508794181, 0.001610362812483002, 0.04012932609056626, 6.6650639065557735]"
500_411.jpg,"[155.7945625917319, 0.2161537416195026, 3.603497606061986, 0.0005568210916877339, 0.023597056843761975, 7.623345003669275]"
500_412.jpg,"[84.33643438111545, 0.36569021170539906, 3.464903734017501, 0.002384665789180108, 0.048833039933840985, 5.2697147137964775]"
500_413.jpg,"[157.03937591731898, 0.21445829550410084, 3.8767074457459216, 0.00025201738516423313, 0.015875055438146764, 7.494977678571429]"
500_414.jpg,"[153.12901709271034, 0.3209129415591611, 3.677061738120838, 0.0008152196774741724, 0.028552052071158955, 6.929278528620351]"
500_415.jpg,"[249.06997232754398, 0.12883973614944413, 3.910654166447348, 0.00018578195540307609, 0.01363018545006179, 10.969518254647749]"
500_416.jpg,"[28.887322651663407, 0.4761321172609501, 3.2237167242243623, 0.0013517973927660355, 0.03676679742330076, 2.3741897015655575]"
500_417.jpg,"[112.12642948874755, 0.15866612593655624, 3.7957230677491887, 0.000246891456475533, 0.015712780036503185, 7.445778803816047]"
500_418.jpg,"[1224.252920132094, 0.09789104944548933, 4.293075581602235, 9.693193800709474e-05, 0.009845401871284623, 21.619924168297455]"
500_419.jpg,"[172.78824455724072, 0.27237687670623356, 3.796283189724197, 0.0005925747863228884, 0.02434285904167562, 7.449188172700587]"
500_42.jpg,"[55.97210203644814, 0.2432578904214805, 3.6051073665625024, 0.0003925015983052846, 0.019811653093704338, 5.003627232142858]"
500_420.jpg,"[62.595278864970645, 0.2580213355262791, 3.7159070394277673, 0.00031472776152347936, 0.017740568241279064, 5.076863686399217]"
500_421.jpg,"[192.04938998287673, 0.17336345234850703, 3.837678125794596, 0.00026707070699241497, 0.016342298093977328, 8.456603167808218]"
500_422.jpg,"[138.64116010273972, 0.202460702272404, 3.767270288919791, 0.00038448212354671437, 0.019608215715528895, 6.870749755381605]"
500_423.jpg,"[78.10936735567513, 0.26834340441048604, 3.633217845364947, 0.0005423415061952465, 0.02328822677223937, 5.483534124266145]"
500_424.jpg,"[522.7611798250978, 0.12824518059544157, 4.098117439573526, 0.00017939505729988074, 0.013393844007598443, 13.708495138209392]"
500_425.jpg,"[112.1647390227495, 0.17728154771882854, 3.8920474070883295, 0.00018504225436792753, 0.013603023721508668, 7.064208506604697]"
500_426.jpg,"[168.4037885273972, 0.17631136748703347, 3.8141471618004448, 0.00030580830390237096, 0.017487375557880918, 8.555207314090019]"
500_427.jpg,"[229.55680880014677, 0.19087829566517953, 3.970159478079367, 0.00024675957439953975, 0.015708582825943902, 9.019657381360078]"
500_428.jpg,"[232.91032442514674, 0.191317272692337, 4.008606912342543, 0.0001787394160227233, 0.013369346132953671, 9.45729115704501]"
500_429.jpg,"[336.04032381360076, 0.16288853162516254, 4.022513271167508, 0.00016298417184103435, 0.01276652544120891, 10.945060237279844]"
500_43.jpg,"[160.6058738992172, 0.2066364637345647, 3.8337136748238345, 0.00025421204753712416, 0.01594402858555905, 8.105705724070448]"
500_430.jpg,"[391.43302806996087, 0.09524581209083705, 4.1034717787543435, 0.00011519921616620696, 0.010733089777235954, 13.830861668297453]"
500_431.jpg,"[145.43571505014677, 0.1993418229566467, 3.7825617983651125, 0.0002913201648839358, 0.01706810372841505, 7.45145471501957]"
500_432.jpg,"[375.0113671110567, 0.2341374260209063, 3.893185520810641, 0.003678634816349059, 0.06065175031562617, 11.720760457436398]"
500_433.jpg,"[71.24573064456948, 0.22622973201613056, 3.6811920786044743, 0.0003385499886898399, 0.018399727951517106, 5.431074944960861]"
500_434.jpg,"[40.185493364726014, 0.3142643261528705, 3.433100086497694, 0.000669140581827703, 0.025867751773737565, 4.144145211594912]"
500_435.jpg,"[267.0379578950587, 0.17726880566600414, 4.029189153944338, 0.00016153767637568596, 0.012709747297868907, 10.110594269814088]"
500_436.jpg,"[77.49496238992172, 0.31249274936118243, 3.4041000483484907, 0.0007213681336955691, 0.026858297297028513, 4.938226210861055]"
500_437.jpg,"[793.3232746758805, 0.06861558591942563, 4.250894431676809, 8.200862100796451e-05, 0.009055861141159603, 19.67047226638943]"
500_438.jpg,"[142.91306491560664, 0.18141796906462737, 3.8949382642926578, 0.0001900240294831175, 0.013784920365497855, 7.80974422089041]"
500_439.jpg,"[269.7845255931996, 0.14144135984196887, 3.950713905352147, 0.00018998985920610302, 0.0137836809019254, 10.544539658757339]"
500_44.jpg,"[2186.5639829990214, 0.14063575790083827, 4.3691246150784275, 0.00015198251866088526, 0.01232811902363395, 32.20285744863014]"
500_440.jpg,"[55.830605583414865, 0.27890390875653687, 3.6706255232654303, 0.00040462743752939175, 0.020115353278761766, 4.592897657778865]"
500_441.jpg,"[270.7161547517123, 0.1512880995689573, 3.9966082155512095, 0.00015552383910146883, 0.012470919737592285, 10.48524263087084]"
500_442.jpg,"[415.226948538405, 0.1862890287427891, 3.953804854185001, 0.0002936860584739652, 0.01713727103345119, 11.630461870107633]"
500_443.jpg,"[72.53259540117416, 0.2880785842576305, 3.6236851000644665, 0.0004467688264541877, 0.02113690673807754, 4.968207252935421]"
500_444.jpg,"[107.78829042318982, 0.27801455650769685, 3.694042486629766, 0.0003723972842723469, 0.019297597888658237, 5.736186704990216]"
500_445.jpg,"[247.7206037487769, 0.22847126180302965, 3.74473320998855, 0.0004928582117863865, 0.022200410171579858, 9.553567606409002]"
500_446.jpg,"[236.9807439456947, 0.2978251637283289, 3.6230635826071174, 0.0032313502144715573, 0.056844966483159766, 8.709989603718197]"
500_447.jpg,"[219.29710432974557, 0.15653450888211978, 4.044442992034463, 0.00014715945491358126, 0.012130929680514237, 9.697674596379649]"
500_448.jpg,"[105.80964484466732, 0.29126105510391387, 3.6056683582390208, 0.0006501771153183878, 0.02549857084854733, 5.739829225782778]"
500_449.jpg,"[102.51135564456948, 0.18768930463187833, 3.860258867934175, 0.00019677810101826818, 0.014027761796461622, 6.699031464041096]"
500_45.jpg,"[182.3499533696184, 0.28437500446477065, 3.723111450563581, 0.0006704396221023522, 0.025892848860300254, 7.681510671477495]"
500_450.jpg,"[719.4909758745107, 0.1298147940484207, 4.158794003402527, 0.00026144299823113905, 0.01616919905966709, 18.542154629403132]"
500_451.jpg,"[129.68941872553816, 0.2595465718789906, 3.8356696224165194, 0.0002873397877929062, 0.016951099899207313, 6.707963857632094]"
500_452.jpg,"[307.39312087206457, 0.15288911897136584, 4.0911329012217, 0.00013354712098579072, 0.011556258952870116, 11.66840829867906]"
500_453.jpg,"[428.1772604268591, 0.28550857540351404, 3.9046177177382297, 0.0010533247344231024, 0.03245496471147523, 11.111312836350294]"
500_454.jpg,"[453.754712726272, 0.285020877769904, 3.900433701336433, 0.0005312106589814173, 0.023048007700914572, 11.078939120596868]"
500_455.jpg,"[781.3418121636497, 0.09620579376772269, 4.2631449868588, 8.376181625768307e-05, 0.009152148177214083, 18.716498746330725]"
500_456.jpg,"[329.3051614481409, 0.19115023428900604, 3.9648288234740727, 0.0002340680702711406, 0.015299283325409089, 10.16470462328767]"
500_457.jpg,"[201.2345661081213, 0.2693020470233945, 3.812855365417786, 0.0005863822964973202, 0.024215331847763727, 7.840065435420744]"
500_458.jpg,"[154.04659598214286, 0.17594533553766006, 3.8481457195082007, 0.00023637688678879054, 0.015374553222412369, 8.172161662181997]"
500_459.jpg,"[115.0925574853229, 0.17316087275222516, 3.7542310865111466, 0.0002677373268771724, 0.01636268091961621, 7.329646220645792]"
500_46.jpg,"[152.9902496636497, 0.38097032518131513, 3.384204819370839, 0.005186611470359837, 0.07201813292747762, 7.184002721379648]"
500_460.jpg,"[395.3565542441291, 0.09131105919792101, 4.074586593424759, 0.00011756466418400512, 0.01084272402046668, 14.361301369863014]"
500_461.jpg,"[154.23028910836592, 0.2196931351780078, 3.866782960880693, 0.00025899566718526654, 0.016093342324864233, 7.42146602862035]"
500_462.jpg,"[122.19539276541096, 0.20631613109957703, 3.794528768530423, 0.0002639032654806442, 0.016245099737479122, 6.8579646220645785]"
500_463.jpg,"[50.77249342588061, 0.260947333994694, 3.596530465532327, 0.0004436562925893424, 0.021063150110782157, 4.664907197896282]"
500_464.jpg,"[1624.6830013148237, 0.03382109493222218, 4.500579294058049, 3.854502205249344e-05, 0.006208463743350157, 31.424164475293537]"
500_465.jpg,"[97.11047196061642, 0.22190931124315486, 3.7906602571027013, 0.0002676740044890924, 0.01636074584146739, 6.24780990092955]"
500_466.jpg,"[288.5184839774951, 0.14296950855953322, 4.051536101447537, 0.00014936176505903198, 0.012221365106199552, 10.575227800880626]"
500_467.jpg,"[112.42411860934443, 0.21691213017295327, 3.7558415043334996, 0.00034401938782868425, 0.018547759644460683, 6.567656097113503]"
500_468.jpg,"[90.52372798434443, 0.25427003400270054, 3.707961281563485, 0.00035668810203312335, 0.018886188128712563, 5.976035041585127]"
500_469.jpg,"[188.05362111668296, 0.2611742724540671, 3.84845397163883, 0.0003522714585964405, 0.01876889604096204, 7.8036440496575326]"
500_47.jpg,"[179.5943118578767, 0.14625676533143991, 3.965735815648992, 0.00015714979060907705, 0.012535939957142306, 8.980526082436398]"
500_470.jpg,"[25.737486240215265, 0.369326069155127, 3.434180640432485, 0.0006711691114984954, 0.025906931726827388, 3.102495107632094]"
500_471.jpg,"[851.0977326932485, 0.1721550907814342, 4.151117787517803, 0.00031604303231448725, 0.017777599171836654, 17.90057026663405]"
500_472.jpg,"[114.51229589652641, 0.1878617955602109, 3.6693904376033, 0.00034876470287386295, 0.018675243047250094, 7.011149247798434]"
500_473.jpg,"[481.19123043052844, 0.19075604178489333, 3.949361321930572, 0.0002719568009492868, 0.01649111278687059, 11.763400501467707]"
500_474.jpg,"[327.4272795376712, 0.22804564048435216, 3.8218939090937214, 0.00037535184452004976, 0.01937399918757224, 9.297914628180038]"
500_475.jpg,"[279.9773192881604, 0.17006600482841555, 3.9427607311283444, 0.00031427429316791374, 0.01772778308666692, 10.449524522994126]"
500_476.jpg,"[144.40430451932485, 0.20850401796190646, 3.7617147340659693, 0.0003485736984759042, 0.018670128507214518, 8.013794184197652]"
500_477.jpg,"[303.9663573263209, 0.10795649553691745, 4.042853963091013, 0.00014273967055789102, 0.011947370863829876, 12.173686704990216]"
500_478.jpg,"[417.8462344055773, 0.18053301647607553, 4.021200006022584, 0.00017185822492133004, 0.013109470810117776, 11.661310543052839]"
500_479.jpg,"[167.70385121086105, 0.1971533030211941, 3.8893475524773926, 0.00022876062568166883, 0.015124834732375386, 7.697070694716241]"
500_48.jpg,"[99.5019989909491, 0.2840782825275982, 3.663166635890759, 0.0005114068359394633, 0.022614306001720753, 5.785488778131116]"
500_480.jpg,"[248.27459561521525, 0.25730155093750007, 3.832687545961743, 0.000428249522414821, 0.020694190547465754, 8.49887246208415]"
500_481.jpg,"[195.81267199730922, 0.21535418608559667, 3.9145754098470493, 0.0002469136474335428, 0.01571348616423303, 8.719686429794521]"
500_482.jpg,"[296.3214247492661, 0.22271293527767488, 3.84378359298981, 0.0004173643973298433, 0.020429498215321966, 9.92501299535225]"
500_483.jpg,"[192.70186750856163, 0.18600900498466602, 3.956211199954664, 0.00019485396672992356, 0.01395901023460917, 9.112597082925637]"
500_484.jpg,"[204.1769890533268, 0.2432986630043954, 3.6907864641962216, 0.0004933504449260726, 0.022211493532089926, 7.9035591976516635]"
500_485.jpg,"[102.96375443370839, 0.15316940501537527, 3.845532413554809, 0.00019501535153119713, 0.013964789705942482, 7.228232784980429]"
500_486.jpg,"[121.20710004892369, 0.15451803319071525, 3.826607595487353, 0.00021491074331890864, 0.014659834355097899, 7.89465355919765]"
500_487.jpg,"[257.6897283206947, 0.278901603884206, 3.8237053062519033, 0.0008955028455821619, 0.029924953560234006, 8.480541371086105]"
500_488.jpg,"[218.0319571000489, 0.24407880987180822, 3.8056288606630906, 0.0008236700278848438, 0.028699652051633724, 8.42602969055773]"
500_489.jpg,"[201.00741881727006, 0.10672125729939824, 3.892525388650618, 0.00017630187295701298, 0.013277871552210956, 10.502801645058709]"
500_49.jpg,"[183.70472648605676, 0.2959682685864234, 3.7814759262057835, 0.0006324799212635662, 0.025149153489999743, 7.539708445450097]"
500_490.jpg,"[116.77766098948142, 0.29747765666506243, 3.6599311398673477, 0.0005214445995119697, 0.02283516147330624, 6.40214117539139]"
500_491.jpg,"[796.9177852862035, 0.05975264443372035, 4.3156799363850435, 6.407036507156284e-05, 0.008004396608837097, 20.29588123776908]"
500_492.jpg,"[292.9961931262231, 0.16790111257775076, 4.016358146979364, 0.00018574305913862503, 0.01362875853255259, 11.064219973091976]"
500_493.jpg,"[174.7825457130626, 0.20172306695935818, 3.8751790634421184, 0.00027650635639121877, 0.016628480279063954, 7.9505373960371815]"
500_494.jpg,"[108.9861561276908, 0.27310190096868514, 3.7181819348756573, 0.0003791132192071785, 0.019470829956814335, 6.164589958414872]"
500_495.jpg,"[890.8052187805773, 0.11318160909535023, 4.26734504510641, 9.6593463809511e-05, 0.009828197383524152, 18.915159460616437]"
500_496.jpg,"[75.71397994129158, 0.2401837923802446, 3.774473900251052, 0.0002760468472449113, 0.01661465760239769, 5.516450587084149]"
500_497.jpg,"[61.92252476761252, 0.36122498022327765, 3.4042770658844717, 0.012564377096995571, 0.11209093226927667, 4.469781983855185]"
500_498.jpg,"[130.0174367049902, 0.2013935787557114, 3.7704085228450612, 0.0002984429730060825, 0.017275502105758966, 7.185734160958904]"
500_499.jpg,"[54.65500397504892, 0.22628246611653913, 3.53421402804007, 0.0004714883995720128, 0.021713783630956923, 5.047012597847358]"
500_5.jpg,"[72.11236010885519, 0.18229978977097558, 3.6998546257437255, 0.00029324700182351926, 0.01712445624898844, 5.993681965508806]"
500_50.jpg,"[404.85834683830717, 0.1258891768046813, 4.1202005064300256, 0.0001216155950812943, 0.011027946095320483, 12.717087359344424]"
500_51.jpg,"[122.97652427837573, 0.24243975615575863, 3.652897696268306, 0.0006057070052147909, 0.024611115480912094, 6.738931017612524]"
500_52.jpg,"[118.41071046355184, 0.2246749810436898, 3.73822090775485, 0.00043863103400705816, 0.020943520095892624, 6.630469514432485]"
500_53.jpg,"[18.479715784001957, 0.40072329307074706, 3.3040537381797264, 0.0014454750391985757, 0.03801940345663745, 2.7004533084637963]"
500_54.jpg,"[112.08043740826808, 0.25299851165260007, 3.65829413373595, 0.00041994564109236964, 0.020492575267456493, 5.94674581090998]"
500_55.jpg,"[264.5353702910959, 0.18398199642704674, 3.938025653082577, 0.0002555949138269546, 0.015987336045350225, 9.881459454500979]"
500_56.jpg,"[183.7252476761252, 0.15908139780494795, 3.8934106980176257, 0.00022076952145664376, 0.01485831489290235, 8.788481531311154]"
500_57.jpg,"[46.43457604574364, 0.3702183353473068, 3.4619824600827025, 0.0010015669617762515, 0.03164754274467848, 4.15233228351272]"
500_58.jpg,"[138.07574761497065, 0.19574543268201694, 3.68561154412303, 0.00041758840329076747, 0.020434979894552563, 7.496651785714285]"
500_59.jpg,"[101.62575296599803, 0.30609096896570825, 3.6280309030329194, 0.0009370020772681436, 0.03061048966070526, 6.086545223825832]"
500_6.jpg,"[89.74227158757337, 0.23777985516544625, 3.726822747799943, 0.00030679176216587566, 0.017515472079446665, 5.971303204500978]"
500_60.jpg,"[136.84219437989236, 0.2430732009313663, 3.7394351799664065, 0.00047596009674487734, 0.021816509728755363, 6.824199639187867]"
500_61.jpg,"[19.360082100048924, 0.4113884846030619, 3.396063754611062, 0.0006691640802845553, 0.025868205973444608, 2.6038366866438354]"
500_62.jpg,"[81.74450755259296, 0.25215589475372013, 3.700255977451491, 0.0003827251007584845, 0.019563361182539277, 5.643120872064579]"
500_63.jpg,"[107.43110934442268, 0.20134655807807347, 3.764606873521453, 0.00026040497563046086, 0.016137068371623788, 6.648055283757338]"
500_64.jpg,"[414.94413145181016, 0.13165464088116885, 4.085274390710511, 0.0010923229545660377, 0.033050309447356735, 14.474571153375733]"
500_65.jpg,"[17.75088291952055, 0.36619297390591904, 3.422292909170194, 0.0005738157279007841, 0.02395445110831772, 2.7480315863502933]"
500_66.jpg,"[218.51863686399213, 0.207091467406924, 3.861785988239222, 0.00025875098959459667, 0.01608573870217332, 8.40035622553816]"
500_67.jpg,"[48.32925253791585, 0.29973132082216347, 3.5364842802125898, 0.0005244735337999807, 0.02290138715885963, 4.217400776663404]"
500_68.jpg,"[249.63145563233851, 0.2703596902491991, 3.8231098830860164, 0.0005506456285649705, 0.02346583960920577, 9.197884815313111]"
500_69.jpg,"[174.68857784980426, 0.24724637731499627, 3.7422762015261526, 0.0005015195589097216, 0.022394632368264535, 7.199012353228962]"
500_7.jpg,"[556.6249770670255, 0.30615158749070864, 3.682880679054105, 0.0019515897772249262, 0.04417680134669017, 11.80672853473581]"
500_70.jpg,"[115.43305482509784, 0.3041893537434902, 3.6627920404138945, 0.0006516639241139718, 0.02552770894761165, 6.051939365215264]"
500_71.jpg,"[269.9395639677104, 0.22233740674030592, 3.879317722245735, 0.00041354510555711223, 0.020335808455950607, 9.883492844911936]"
500_72.jpg,"[219.41564105308217, 0.11205552799706713, 3.922428774190749, 0.0001850497925735451, 0.013603300796995746, 10.581438814823874]"
500_73.jpg,"[173.94993349437377, 0.17001182415577867, 3.8079800318910917, 0.000308811256216175, 0.01757302638182095, 8.65055880014677]"
500_74.jpg,"[107.58049856286692, 0.21235397463962127, 3.668125969883601, 0.00040961108258706045, 0.020238850821799652, 6.49733595278865]"
500_75.jpg,"[771.5521266511741, 0.09597579032140269, 4.262851521186377, 9.099799694706833e-05, 0.009539287025090938, 17.82940160225049]"
500_76.jpg,"[294.81882950097855, 0.16450393671970898, 3.9000347527140065, 0.00023438175312195494, 0.01530953144684562, 10.756520609099804]"
500_77.jpg,"[809.4878761007827, 0.1333540112836629, 4.1766852033248565, 0.00018937389577091714, 0.013761318823823433, 16.131214836105674]"
500_78.jpg,"[42.35445587695694, 0.2927064367492478, 3.5118750570148407, 0.0004932041219271086, 0.022208199430100328, 4.111717985567515]"
500_79.jpg,"[146.33249373165364, 0.22522507626495605, 3.8543667615276096, 0.00026005896322725953, 0.01612634376500946, 7.3666027091487285]"
500_8.jpg,"[51.972874113258314, 0.3462159032217914, 3.500408304045065, 0.0017496089922227744, 0.041828327628806464, 4.501716150929549]"
500_80.jpg,"[48.13001467710371, 0.3705724176099608, 3.3648556666397154, 0.0012979901850758363, 0.03602763085571734, 3.6267505503913897]"
500_81.jpg,"[631.3722747981897, 0.16381413809111398, 4.085313829781961, 0.00016874327327929536, 0.012990122142585702, 14.48528849681996]"
500_82.jpg,"[499.31168587940306, 0.10271570229885198, 4.194521155138544, 9.500710249032057e-05, 0.009747158688064977, 15.567984803082192]"
500_83.jpg,"[698.6445427164872, 0.15782434505834314, 4.146418946821064, 0.0001505451099472697, 0.012269682552831987, 15.556105522260273]"
500_84.jpg,"[4899.679114175636, 0.16815382936940246, 4.145439114810861, 0.002369210488154692, 0.048674536342472666, 45.15266481164383]"
500_85.jpg,"[151.6029881665851, 0.1780763945407974, 3.826800361051945, 0.0002575961321113089, 0.016049801622179286, 8.089557087818003]"
500_86.jpg,"[62.62891007216243, 0.2563869479158646, 3.4690146548677268, 0.0006854676485758309, 0.026181437099132485, 4.96992340386497]"
500_87.jpg,"[151.70037686521525, 0.14846932964262533, 3.772304509041286, 0.00025539939527098046, 0.015981220080800478, 8.620478381849313]"
500_88.jpg,"[152.86279965753428, 0.17392958994340826, 3.8720006352085017, 0.00020533966917964995, 0.014329677916116954, 8.155240949119372]"
500_89.jpg,"[778.9870696245107, 0.07220600862484947, 4.3153543487205885, 6.954722937139669e-05, 0.008339498148653592, 18.996686185176124]"
500_9.jpg,"[131.60218933463796, 0.2150646018673955, 3.912083379287278, 0.00019624773858272586, 0.01400884501244574, 7.117684381115459]"
500_90.jpg,"[61.90591364970645, 0.22434696299440302, 3.6702424508997717, 0.0003452465083625286, 0.018580810218139805, 5.121751161937378]"
500_91.jpg,"[144.44213246086105, 0.30050637942453245, 3.677627276480237, 0.000765840676185281, 0.0276738265548023, 6.742898422211349]"
500_92.jpg,"[271.8650585555283, 0.24369539881307062, 3.7016405832214123, 0.00045194579872898815, 0.02125901688058477, 8.28540469055773]"
500_93.jpg,"[173.36206962451072, 0.19175020423843644, 3.884027327724346, 0.0002193077961863413, 0.014809044404901394, 7.958808555528375]"
500_94.jpg,"[52.045151204745586, 0.2182797581865151, 3.5829020840894015, 0.00043335989259774075, 0.0208172979177832, 4.960314487524461]"
500_95.jpg,"[75.93967481042075, 0.2226901816361826, 3.6469777639063294, 0.00039134988174100425, 0.019782565095078145, 5.64374006237769]"
500_96.jpg,"[131.91836243272994, 0.32949853727035844, 3.5558411517534387, 0.001189220824558597, 0.034485081188226845, 6.370218474804306]"
500_97.jpg,"[122.01844575587084, 0.17229823090529917, 3.8001316012851007, 0.0002639300874680741, 0.016245925257370664, 7.598917563600782]"
500_98.jpg,"[334.5299122431507, 0.14270378857186058, 3.9748773547939966, 0.0002025208112419887, 0.014230980684478098, 11.01425666585127]"
500_99.jpg,"[160.70263194104695, 0.3403983570507599, 3.650245550807767, 0.0009750036545922062, 0.03122504851224744, 6.301671813845401]"
